[04авг.2026 13:26:37.518] [Datafixer Bootstrap/INFO] [com.mojang.datafixers.DataFixerBuilder/]: 226 Datafixer optimizations took 161 milliseconds
[04авг.2026 13:26:40.177] [main/INFO] [net.minecraft.client.main.Main/]: Completely ignored arguments: [--launchTarget, forgeclient, --fml.neoForgeVersion, 21.1.234, --fml.fmlVersion, 4.0.42, --fml.mcVersion, 1.21.1, --fml.neoFormVersion, 20240808.144430]
[04авг.2026 13:26:40.248] [Render thread/ERROR] [grg/]: Can't open the resource index file: /Users/maksim/.vozducraft/assets/indexes/1.21.json
[04авг.2026 13:26:40.283] [Render thread/INFO] [com.mojang.authlib.yggdrasil.YggdrasilAuthenticationService/]: Environment: Environment[sessionHost=https://sessionserver.mojang.com, servicesHost=https://api.minecraftservices.com, name=PROD]
[04авг.2026 13:26:40.292] [Render thread/INFO] [fgo/]: Setting user: PhonixVogel
[04авг.2026 13:26:40.344] [Render thread/INFO] [fgo/]: Backend library: LWJGL version 3.3.3+5
[04авг.2026 13:26:40.835] [Render thread/ERROR] [fgo/]: Couldn't set icon
java.io.FileNotFoundException: icons/minecraft.icns
	at fad.a(SourceFile:41) ~[minecraft.jar:?]
	at fad.b(SourceFile:34) ~[minecraft.jar:?]
	at fam.a(SourceFile:192) ~[minecraft.jar:?]
	at fgo.<init>(SourceFile:511) [minecraft.jar:?]
	at net.minecraft.client.main.Main.main(SourceFile:239) [minecraft.jar:?]
[04авг.2026 13:26:42.093] [Render thread/INFO] [aub/]: Reloading ResourceManager: vanilla
[04авг.2026 13:26:43.141] [Render thread/WARN] [gvc/]: Missing sound for event: minecraft:entity.allay.ambient_with_item
[04авг.2026 13:26:43.141] [Render thread/WARN] [gvc/]: Missing sound for event: minecraft:entity.allay.ambient_without_item
[04авг.2026 13:26:43.141] [Render thread/WARN] [gvc/]: Missing sound for event: minecraft:entity.allay.death
[04авг.2026 13:26:43.141] [Render thread/WARN] [gvc/]: Missing sound for event: minecraft:entity.allay.hurt
[04авг.2026 13:26:43.142] [Render thread/WARN] [gvc/]: Missing sound for event: minecraft:entity.allay.item_given
[04авг.2026 13:26:43.142] [Render thread/WARN] [gvc/]: Missing sound for event: minecraft:entity.allay.item_taken
[04авг.2026 13:26:43.142] [Render thread/WARN] [gvc/]: Missing sound for event: minecraft:entity.allay.item_thrown
[04авг.2026 13:26:43.142] [Render thread/WARN] [gvc/]: Missing sound for event: minecraft:ambient.cave
[04авг.2026 13:26:43.142] [Render thread/WARN] [gvc/]: Missing sound for event: minecraft:ambient.basalt_deltas.additions
[04авг.2026 13:26:43.142] [Render thread/WARN] [gvc/]: Missing sound for event: minecraft:ambient.basalt_deltas.loop
[04авг.2026 13:26:43.142] [Render thread/WARN] [gvc/]: Missing sound for event: minecraft:ambient.basalt_deltas.mood
[04авг.2026 13:26:43.143] [Render thread/WARN] [gvc/]: Missing sound for event: minecraft:ambient.crimson_forest.additions
[04авг.2026 13:26:43.143] [Render thread/WARN] [gvc/]: Missing sound for event: minecraft:ambient.crimson_forest.loop
[04авг.2026 13:26:43.143] [Render thread/WARN] [gvc/]: Missing sound for event: minecraft:ambient.crimson_forest.mood
[04авг.2026 13:26:43.143] [Render thread/WARN] [gvc/]: Missing sound for event: minecraft:ambient.nether_wastes.additions
[04авг.2026 13:26:43.143] [Render thread/WARN] [gvc/]: Missing sound for event: minecraft:ambient.nether_wastes.loop
[04авг.2026 13:26:43.143] [Render thread/WARN] [gvc/]: Missing sound for event: minecraft:ambient.nether_wastes.mood
[04авг.2026 13:26:43.143] [Render thread/WARN] [gvc/]: Missing sound for event: minecraft:ambient.soul_sand_valley.additions
[04авг.2026 13:26:43.143] [Render thread/WARN] [gvc/]: Missing sound for event: minecraft:ambient.soul_sand_valley.loop
[04авг.2026 13:26:43.143] [Render thread/WARN] [gvc/]: Missing sound for event: minecraft:ambient.soul_sand_valley.mood
[04авг.2026 13:26:43.143] [Render thread/WARN] [gvc/]: Missing sound for event: minecraft:ambient.warped_forest.additions
[04авг.2026 13:26:43.144] [Render thread/WARN] [gvc/]: Missing sound for event: minecraft:ambient.warped_forest.loop
[04авг.2026 13:26:43.144] [Render thread/WARN] [gvc/]: Missing sound for event: minecraft:ambient.warped_forest.mood
[04авг.2026 13:26:43.144] [Render thread/WARN] [gvc/]: Missing sound for event: minecraft:ambient.underwater.enter
[04авг.2026 13:26:43.144] [Render thread/WARN] [gvc/]: Missing sound for event: minecraft:ambient.underwater.exit
[04авг.2026 13:26:43.144] [Render thread/WARN] [gvc/]: Missing sound for event: minecraft:ambient.underwater.loop
[04авг.2026 13:26:43.144] [Render thread/WARN] [gvc/]: Missing sound for event: minecraft:ambient.underwater.loop.additions
[04авг.2026 13:26:43.144] [Render thread/WARN] [gvc/]: Missing sound for event: minecraft:ambient.underwater.loop.additions.rare
[04авг.2026 13:26:43.144] [Render thread/WARN] [gvc/]: Missing sound for event: minecraft:ambient.underwater.loop.additions.ultra_rare
[04авг.2026 13:26:43.144] [Render thread/WARN] [gvc/]: Missing sound for event: minecraft:block.amethyst_block.break
[04авг.2026 13:26:43.144] [Render thread/WARN] [gvc/]: Missing sound for event: minecraft:block.amethyst_block.chime
[04авг.2026 13:26:43.145] [Render thread/WARN] [gvc/]: Missing sound for event: minecraft:block.amethyst_block.fall
[04авг.2026 13:26:43.145] [Render thread/WARN] [gvc/]: Missing sound for event: minecraft:block.amethyst_block.hit
[04авг.2026 13:26:43.145] [Render thread/WARN] [gvc/]: Missing sound for event: minecraft:block.amethyst_block.place
[04авг.2026 13:26:43.145] [Render thread/WARN] [gvc/]: Missing sound for event: minecraft:block.amethyst_block.resonate
[04авг.2026 13:26:43.145] [Render thread/WARN] [gvc/]: Missing sound for event: minecraft:block.amethyst_block.step
[04авг.2026 13:26:43.145] [Render thread/WARN] [gvc/]: Missing sound for event: minecraft:block.amethyst_cluster.break
[04авг.2026 13:26:43.145] [Render thread/WARN] [gvc/]: Missing sound for event: minecraft:block.amethyst_cluster.fall
[04авг.2026 13:26:43.145] [Render thread/WARN] [gvc/]: Missing sound for event: minecraft:block.amethyst_cluster.hit
[04авг.2026 13:26:43.145] [Render thread/WARN] [gvc/]: Missing sound for event: minecraft:block.amethyst_cluster.place
[04авг.2026 13:26:43.145] [Render thread/WARN] [gvc/]: Missing sound for event: minecraft:block.amethyst_cluster.step
[04авг.2026 13:26:43.145] [Render thread/WARN] [gvc/]: Missing sound for event: minecraft:block.ancient_debris.break
[04авг.2026 13:26:43.146] [Render thread/WARN] [gvc/]: Missing sound for event: minecraft:block.ancient_debris.step
[04авг.2026 13:26:43.146] [Render thread/WARN] [gvc/]: Missing sound for event: minecraft:block.ancient_debris.place
[04авг.2026 13:26:43.146] [Render thread/WARN] [gvc/]: Missing sound for event: minecraft:block.ancient_debris.hit
[04авг.2026 13:26:43.146] [Render thread/WARN] [gvc/]: Missing sound for event: minecraft:block.ancient_debris.fall
[04авг.2026 13:26:43.146] [Render thread/WARN] [gvc/]: Missing sound for event: minecraft:block.anvil.break
[04авг.2026 13:26:43.146] [Render thread/WARN] [gvc/]: Missing sound for event: minecraft:block.anvil.destroy
[04авг.2026 13:26:43.146] [Render thread/WARN] [gvc/]: Missing sound for event: minecraft:block.anvil.fall
[04авг.2026 13:26:43.146] [Render thread/WARN] [gvc/]: Missing sound for event: minecraft:block.anvil.hit
[04авг.2026 13:26:43.146] [Render thread/WARN] [gvc/]: Missing sound for event: minecraft:block.anvil.land
[04авг.2026 13:26:43.146] [Render thread/WARN] [gvc/]: Missing sound for event: minecraft:block.anvil.place
[04авг.2026 13:26:43.146] [Render thread/WARN] [gvc/]: Missing sound for event: minecraft:block.anvil.step
[04авг.2026 13:26:43.147] [Render thread/WARN] [gvc/]: Missing sound for event: minecraft:block.anvil.use
[04авг.2026 13:26:43.147] [Render thread/WARN] [gvc/]: Missing sound for event: minecraft:entity.armadillo.eat
[04авг.2026 13:26:43.147] [Render thread/WARN] [gvc/]: Missing sound for event: minecraft:entity.armadillo.hurt
[04авг.2026 13:26:43.147] [Render thread/WARN] [gvc/]: Missing sound for event: minecraft:entity.armadillo.hurt_reduced
[04авг.2026 13:26:43.147] [Render thread/WARN] [gvc/]: Missing sound for event: minecraft:entity.armadillo.ambient
[04авг.2026 13:26:43.147] [Render thread/WARN] [gvc/]: Missing sound for event: minecraft:entity.armadillo.step
[04авг.2026 13:26:43.147] [Render thread/WARN] [gvc/]: Missing sound for event: minecraft:entity.armadillo.death
[04авг.2026 13:26:43.147] [Render thread/WARN] [gvc/]: Missing sound for event: minecraft:entity.armadillo.roll
[04авг.2026 13:26:43.147] [Render thread/WARN] [gvc/]: Missing sound for event: minecraft:entity.armadillo.land
[04авг.2026 13:26:43.147] [Render thread/WARN] [gvc/]: Missing sound for event: minecraft:entity.armadillo.scute_drop
[04авг.2026 13:26:43.147] [Render thread/WARN] [gvc/]: Missing sound for event: minecraft:entity.armadillo.unroll_finish
[04авг.2026 13:26:43.147] [Render thread/WARN] [gvc/]: Missing sound for event: minecraft:entity.armadillo.peek
[04авг.2026 13:26:43.147] [Render thread/WARN] [gvc/]: Missing sound for event: minecraft:entity.armadillo.unroll_start
[04авг.2026 13:26:43.148] [Render thread/WARN] [gvc/]: Missing sound for event: minecraft:entity.armadillo.brush
[04авг.2026 13:26:43.148] [Render thread/WARN] [gvc/]: Missing sound for event: minecraft:item.armor.equip_chain
[04авг.2026 13:26:43.148] [Render thread/WARN] [gvc/]: Missing sound for event: minecraft:item.armor.equip_diamond
[04авг.2026 13:26:43.148] [Render thread/WARN] [gvc/]: Missing sound for event: minecraft:item.armor.equip_elytra
[04авг.2026 13:26:43.148] [Render thread/WARN] [gvc/]: Missing sound for event: minecraft:item.armor.equip_generic
[04авг.2026 13:26:43.148] [Render thread/WARN] [gvc/]: Missing sound for event: minecraft:item.armor.equip_gold
[04авг.2026 13:26:43.148] [Render thread/WARN] [gvc/]: Missing sound for event: minecraft:item.armor.equip_iron
[04авг.2026 13:26:43.148] [Render thread/WARN] [gvc/]: Missing sound for event: minecraft:item.armor.equip_leather
[04авг.2026 13:26:43.148] [Render thread/WARN] [gvc/]: Missing sound for event: minecraft:item.armor.equip_netherite
[04авг.2026 13:26:43.148] [Render thread/WARN] [gvc/]: Missing sound for event: minecraft:item.armor.equip_turtle
[04авг.2026 13:26:43.148] [Render thread/WARN] [gvc/]: Missing sound for event: minecraft:item.armor.equip_wolf
[04авг.2026 13:26:43.148] [Render thread/WARN] [gvc/]: Missing sound for event: minecraft:item.armor.unequip_wolf
[04авг.2026 13:26:43.148] [Render thread/WARN] [gvc/]: Missing sound for event: minecraft:entity.armor_stand.break
[04авг.2026 13:26:43.148] [Render thread/WARN] [gvc/]: Missing sound for event: minecraft:entity.armor_stand.fall
[04авг.2026 13:26:43.149] [Render thread/WARN] [gvc/]: Missing sound for event: minecraft:entity.armor_stand.hit
[04авг.2026 13:26:43.149] [Render thread/WARN] [gvc/]: Missing sound for event: minecraft:entity.armor_stand.place
[04авг.2026 13:26:43.149] [Render thread/WARN] [gvc/]: Missing sound for event: minecraft:entity.arrow.hit
[04авг.2026 13:26:43.149] [Render thread/WARN] [gvc/]: Missing sound for event: minecraft:entity.arrow.hit_player
[04авг.2026 13:26:43.149] [Render thread/WARN] [gvc/]: Missing sound for event: minecraft:entity.arrow.shoot
[04авг.2026 13:26:43.149] [Render thread/WARN] [gvc/]: Missing sound for event: minecraft:item.axe.strip
[04авг.2026 13:26:43.149] [Render thread/WARN] [gvc/]: Missing sound for event: minecraft:item.axe.scrape
[04авг.2026 13:26:43.149] [Render thread/WARN] [gvc/]: Missing sound for event: minecraft:item.axe.wax_off
[04авг.2026 13:26:43.149] [Render thread/WARN] [gvc/]: Missing sound for event: minecraft:entity.axolotl.attack
[04авг.2026 13:26:43.149] [Render thread/WARN] [gvc/]: Missing sound for event: minecraft:entity.axolotl.death
[04авг.2026 13:26:43.149] [Render thread/WARN] [gvc/]: Missing sound for event: minecraft:entity.axolotl.hurt
[04авг.2026 13:26:43.149] [Render thread/WARN] [gvc/]: Missing sound for event: minecraft:entity.axolotl.idle_air
[04авг.2026 13:26:43.149] [Render thread/WARN] [gvc/]: Missing sound for event: minecraft:entity.axolotl.idle_water
[04авг.2026 13:26:43.150] [Render thread/WARN] [gvc/]: Missing sound for event: minecraft:entity.axolotl.splash
[04авг.2026 13:26:43.150] [Render thread/WARN] [gvc/]: Missing sound for event: minecraft:entity.axolotl.swim
[04авг.2026 13:26:43.150] [Render thread/WARN] [gvc/]: Missing sound for event: minecraft:block.azalea.break
[04авг.2026 13:26:43.150] [Render thread/WARN] [gvc/]: Missing sound for event: minecraft:block.azalea.fall
[04авг.2026 13:26:43.150] [Render thread/WARN] [gvc/]: Missing sound for event: minecraft:block.azalea.hit
[04авг.2026 13:26:43.150] [Render thread/WARN] [gvc/]: Missing sound for event: minecraft:block.azalea.place
[04авг.2026 13:26:43.150] [Render thread/WARN] [gvc/]: Missing sound for event: minecraft:block.azalea.step
[04авг.2026 13:26:43.150] [Render thread/WARN] [gvc/]: Missing sound for event: minecraft:block.azalea_leaves.break
[04авг.2026 13:26:43.150] [Render thread/WARN] [gvc/]: Missing sound for event: minecraft:block.azalea_leaves.fall
[04авг.2026 13:26:43.150] [Render thread/WARN] [gvc/]: Missing sound for event: minecraft:block.azalea_leaves.hit
[04авг.2026 13:26:43.150] [Render thread/WARN] [gvc/]: Missing sound for event: minecraft:block.azalea_leaves.place
[04авг.2026 13:26:43.150] [Render thread/WARN] [gvc/]: Missing sound for event: minecraft:block.azalea_leaves.step
[04авг.2026 13:26:43.150] [Render thread/WARN] [gvc/]: Missing sound for event: minecraft:block.bamboo.break
[04авг.2026 13:26:43.151] [Render thread/WARN] [gvc/]: Missing sound for event: minecraft:block.bamboo.fall
[04авг.2026 13:26:43.151] [Render thread/WARN] [gvc/]: Missing sound for event: minecraft:block.bamboo.hit
[04авг.2026 13:26:43.151] [Render thread/WARN] [gvc/]: Missing sound for event: minecraft:block.bamboo.place
[04авг.2026 13:26:43.151] [Render thread/WARN] [gvc/]: Missing sound for event: minecraft:block.bamboo.step
[04авг.2026 13:26:43.151] [Render thread/WARN] [gvc/]: Missing sound for event: minecraft:block.bamboo_sapling.break
[04авг.2026 13:26:43.151] [Render thread/WARN] [gvc/]: Missing sound for event: minecraft:block.bamboo_sapling.hit
[04авг.2026 13:26:43.151] [Render thread/WARN] [gvc/]: Missing sound for event: minecraft:block.bamboo_sapling.place
[04авг.2026 13:26:43.151] [Render thread/WARN] [gvc/]: Missing sound for event: minecraft:block.bamboo_wood.break
[04авг.2026 13:26:43.151] [Render thread/WARN] [gvc/]: Missing sound for event: minecraft:block.bamboo_wood.fall
[04авг.2026 13:26:43.151] [Render thread/WARN] [gvc/]: Missing sound for event: minecraft:block.bamboo_wood.hit
[04авг.2026 13:26:43.151] [Render thread/WARN] [gvc/]: Missing sound for event: minecraft:block.bamboo_wood.place
[04авг.2026 13:26:43.151] [Render thread/WARN] [gvc/]: Missing sound for event: minecraft:block.bamboo_wood.step
[04авг.2026 13:26:43.152] [Render thread/WARN] [gvc/]: Missing sound for event: minecraft:block.bamboo_wood_door.close
[04авг.2026 13:26:43.152] [Render thread/WARN] [gvc/]: Missing sound for event: minecraft:block.bamboo_wood_door.open
[04авг.2026 13:26:43.152] [Render thread/WARN] [gvc/]: Missing sound for event: minecraft:block.bamboo_wood_trapdoor.close
[04авг.2026 13:26:43.152] [Render thread/WARN] [gvc/]: Missing sound for event: minecraft:block.bamboo_wood_trapdoor.open
[04авг.2026 13:26:43.152] [Render thread/WARN] [gvc/]: Missing sound for event: minecraft:block.bamboo_wood_button.click_off
[04авг.2026 13:26:43.152] [Render thread/WARN] [gvc/]: Missing sound for event: minecraft:block.bamboo_wood_button.click_on
[04авг.2026 13:26:43.152] [Render thread/WARN] [gvc/]: Missing sound for event: minecraft:block.bamboo_wood_pressure_plate.click_off
[04авг.2026 13:26:43.152] [Render thread/WARN] [gvc/]: Missing sound for event: minecraft:block.bamboo_wood_pressure_plate.click_on
[04авг.2026 13:26:43.152] [Render thread/WARN] [gvc/]: Missing sound for event: minecraft:block.bamboo_wood_fence_gate.close
[04авг.2026 13:26:43.152] [Render thread/WARN] [gvc/]: Missing sound for event: minecraft:block.bamboo_wood_fence_gate.open
[04авг.2026 13:26:43.152] [Render thread/WARN] [gvc/]: Missing sound for event: minecraft:block.barrel.close
[04авг.2026 13:26:43.152] [Render thread/WARN] [gvc/]: Missing sound for event: minecraft:block.barrel.open
[04авг.2026 13:26:43.152] [Render thread/WARN] [gvc/]: Missing sound for event: minecraft:block.basalt.break
[04авг.2026 13:26:43.153] [Render thread/WARN] [gvc/]: Missing sound for event: minecraft:block.basalt.step
[04авг.2026 13:26:43.153] [Render thread/WARN] [gvc/]: Missing sound for event: minecraft:block.basalt.place
[04авг.2026 13:26:43.153] [Render thread/WARN] [gvc/]: Missing sound for event: minecraft:block.basalt.hit
[04авг.2026 13:26:43.153] [Render thread/WARN] [gvc/]: Missing sound for event: minecraft:block.basalt.fall
[04авг.2026 13:26:43.153] [Render thread/WARN] [gvc/]: Missing sound for event: minecraft:entity.bat.ambient
[04авг.2026 13:26:43.153] [Render thread/WARN] [gvc/]: Missing sound for event: minecraft:entity.bat.death
[04авг.2026 13:26:43.153] [Render thread/WARN] [gvc/]: Missing sound for event: minecraft:entity.bat.hurt
[04авг.2026 13:26:43.153] [Render thread/WARN] [gvc/]: Missing sound for event: minecraft:entity.bat.loop
[04авг.2026 13:26:43.153] [Render thread/WARN] [gvc/]: Missing sound for event: minecraft:entity.bat.takeoff
[04авг.2026 13:26:43.153] [Render thread/WARN] [gvc/]: Missing sound for event: minecraft:block.beacon.activate
[04авг.2026 13:26:43.153] [Render thread/WARN] [gvc/]: Missing sound for event: minecraft:block.beacon.ambient
[04авг.2026 13:26:43.153] [Render thread/WARN] [gvc/]: Missing sound for event: minecraft:block.beacon.deactivate
[04авг.2026 13:26:43.153] [Render thread/WARN] [gvc/]: Missing sound for event: minecraft:block.beacon.power_select
[04авг.2026 13:26:43.153] [Render thread/WARN] [gvc/]: Missing sound for event: minecraft:entity.bee.death
[04авг.2026 13:26:43.154] [Render thread/WARN] [gvc/]: Missing sound for event: minecraft:entity.bee.hurt
[04авг.2026 13:26:43.154] [Render thread/WARN] [gvc/]: Missing sound for event: minecraft:entity.bee.loop_aggressive
[04авг.2026 13:26:43.154] [Render thread/WARN] [gvc/]: Missing sound for event: minecraft:entity.bee.loop
[04авг.2026 13:26:43.154] [Render thread/WARN] [gvc/]: Missing sound for event: minecraft:entity.bee.sting
[04авг.2026 13:26:43.154] [Render thread/WARN] [gvc/]: Missing sound for event: minecraft:entity.bee.pollinate
[04авг.2026 13:26:43.154] [Render thread/WARN] [gvc/]: Missing sound for event: minecraft:block.beehive.drip
[04авг.2026 13:26:43.154] [Render thread/WARN] [gvc/]: Missing sound for event: minecraft:block.beehive.enter
[04авг.2026 13:26:43.154] [Render thread/WARN] [gvc/]: Missing sound for event: minecraft:block.beehive.exit
[04авг.2026 13:26:43.154] [Render thread/WARN] [gvc/]: Missing sound for event: minecraft:block.beehive.shear
[04авг.2026 13:26:43.154] [Render thread/WARN] [gvc/]: Missing sound for event: minecraft:block.beehive.work
[04авг.2026 13:26:43.154] [Render thread/WARN] [gvc/]: Missing sound for event: minecraft:block.bell.use
[04авг.2026 13:26:43.154] [Render thread/WARN] [gvc/]: Missing sound for event: minecraft:block.bell.resonate
[04авг.2026 13:26:43.155] [Render thread/WARN] [gvc/]: Missing sound for event: minecraft:block.big_dripleaf.break
[04авг.2026 13:26:43.155] [Render thread/WARN] [gvc/]: Missing sound for event: minecraft:block.big_dripleaf.fall
[04авг.2026 13:26:43.155] [Render thread/WARN] [gvc/]: Missing sound for event: minecraft:block.big_dripleaf.hit
[04авг.2026 13:26:43.155] [Render thread/WARN] [gvc/]: Missing sound for event: minecraft:block.big_dripleaf.place
[04авг.2026 13:26:43.155] [Render thread/WARN] [gvc/]: Missing sound for event: minecraft:block.big_dripleaf.step
[04авг.2026 13:26:43.155] [Render thread/WARN] [gvc/]: Missing sound for event: minecraft:entity.blaze.ambient
[04авг.2026 13:26:43.155] [Render thread/WARN] [gvc/]: Missing sound for event: minecraft:entity.blaze.burn
[04авг.2026 13:26:43.155] [Render thread/WARN] [gvc/]: Missing sound for event: minecraft:entity.blaze.death
[04авг.2026 13:26:43.155] [Render thread/WARN] [gvc/]: Missing sound for event: minecraft:entity.blaze.hurt
[04авг.2026 13:26:43.155] [Render thread/WARN] [gvc/]: Missing sound for event: minecraft:entity.blaze.shoot
[04авг.2026 13:26:43.155] [Render thread/WARN] [gvc/]: Missing sound for event: minecraft:entity.boat.paddle_land
[04авг.2026 13:26:43.156] [Render thread/WARN] [gvc/]: Missing sound for event: minecraft:entity.boat.paddle_water
[04авг.2026 13:26:43.156] [Render thread/WARN] [gvc/]: Missing sound for event: minecraft:entity.bogged.ambient
[04авг.2026 13:26:43.156] [Render thread/WARN] [gvc/]: Missing sound for event: minecraft:entity.bogged.death
[04авг.2026 13:26:43.156] [Render thread/WARN] [gvc/]: Missing sound for event: minecraft:entity.bogged.hurt
[04авг.2026 13:26:43.156] [Render thread/WARN] [gvc/]: Missing sound for event: minecraft:entity.bogged.shear
[04авг.2026 13:26:43.156] [Render thread/WARN] [gvc/]: Missing sound for event: minecraft:entity.bogged.step
[04авг.2026 13:26:43.156] [Render thread/WARN] [gvc/]: Missing sound for event: minecraft:block.bone_block.break
[04авг.2026 13:26:43.156] [Render thread/WARN] [gvc/]: Missing sound for event: minecraft:block.bone_block.fall
[04авг.2026 13:26:43.156] [Render thread/WARN] [gvc/]: Missing sound for event: minecraft:block.bone_block.hit
[04авг.2026 13:26:43.156] [Render thread/WARN] [gvc/]: Missing sound for event: minecraft:block.bone_block.place
[04авг.2026 13:26:43.156] [Render thread/WARN] [gvc/]: Missing sound for event: minecraft:block.bone_block.step
[04авг.2026 13:26:43.156] [Render thread/WARN] [gvc/]: Missing sound for event: minecraft:item.bone_meal.use
[04авг.2026 13:26:43.156] [Render thread/WARN] [gvc/]: Missing sound for event: minecraft:item.book.page_turn
[04авг.2026 13:26:43.156] [Render thread/WARN] [gvc/]: Missing sound for event: minecraft:item.book.put
[04авг.2026 13:26:43.157] [Render thread/WARN] [gvc/]: Missing sound for event: minecraft:block.blastfurnace.fire_crackle
[04авг.2026 13:26:43.157] [Render thread/WARN] [gvc/]: Missing sound for event: minecraft:item.bottle.empty
[04авг.2026 13:26:43.157] [Render thread/WARN] [gvc/]: Missing sound for event: minecraft:item.bottle.fill
[04авг.2026 13:26:43.157] [Render thread/WARN] [gvc/]: Missing sound for event: minecraft:item.bottle.fill_dragonbreath
[04авг.2026 13:26:43.157] [Render thread/WARN] [gvc/]: Missing sound for event: minecraft:entity.breeze.charge
[04авг.2026 13:26:43.157] [Render thread/WARN] [gvc/]: Missing sound for event: minecraft:entity.breeze.deflect
[04авг.2026 13:26:43.157] [Render thread/WARN] [gvc/]: Missing sound for event: minecraft:entity.breeze.inhale
[04авг.2026 13:26:43.157] [Render thread/WARN] [gvc/]: Missing sound for event: minecraft:entity.breeze.idle_ground
[04авг.2026 13:26:43.157] [Render thread/WARN] [gvc/]: Missing sound for event: minecraft:entity.breeze.idle_air
[04авг.2026 13:26:43.157] [Render thread/WARN] [gvc/]: Missing sound for event: minecraft:entity.breeze.shoot
[04авг.2026 13:26:43.157] [Render thread/WARN] [gvc/]: Missing sound for event: minecraft:entity.breeze.jump
[04авг.2026 13:26:43.157] [Render thread/WARN] [gvc/]: Missing sound for event: minecraft:entity.breeze.land
[04авг.2026 13:26:43.157] [Render thread/WARN] [gvc/]: Missing sound for event: minecraft:entity.breeze.slide
[04авг.2026 13:26:43.157] [Render thread/WARN] [gvc/]: Missing sound for event: minecraft:entity.breeze.death
[04авг.2026 13:26:43.157] [Render thread/WARN] [gvc/]: Missing sound for event: minecraft:entity.breeze.hurt
[04авг.2026 13:26:43.158] [Render thread/WARN] [gvc/]: Missing sound for event: minecraft:entity.breeze.whirl
[04авг.2026 13:26:43.158] [Render thread/WARN] [gvc/]: Missing sound for event: minecraft:entity.breeze.wind_burst
[04авг.2026 13:26:43.158] [Render thread/WARN] [gvc/]: Missing sound for event: minecraft:block.brewing_stand.brew
[04авг.2026 13:26:43.158] [Render thread/WARN] [gvc/]: Missing sound for event: minecraft:item.brush.brushing.generic
[04авг.2026 13:26:43.158] [Render thread/WARN] [gvc/]: Missing sound for event: minecraft:item.brush.brushing.sand
[04авг.2026 13:26:43.158] [Render thread/WARN] [gvc/]: Missing sound for event: minecraft:item.brush.brushing.gravel
[04авг.2026 13:26:43.158] [Render thread/WARN] [gvc/]: Missing sound for event: minecraft:item.brush.brushing.sand.complete
[04авг.2026 13:26:43.158] [Render thread/WARN] [gvc/]: Missing sound for event: minecraft:item.brush.brushing.gravel.complete
[04авг.2026 13:26:43.158] [Render thread/WARN] [gvc/]: Missing sound for event: minecraft:block.bubble_column.bubble_pop
[04авг.2026 13:26:43.158] [Render thread/WARN] [gvc/]: Missing sound for event: minecraft:block.bubble_column.upwards_ambient
[04авг.2026 13:26:43.158] [Render thread/WARN] [gvc/]: Missing sound for event: minecraft:block.bubble_column.upwards_inside
[04авг.2026 13:26:43.158] [Render thread/WARN] [gvc/]: Missing sound for event: minecraft:block.bubble_column.whirlpool_ambient
[04авг.2026 13:26:43.158] [Render thread/WARN] [gvc/]: Missing sound for event: minecraft:block.bubble_column.whirlpool_inside
[04авг.2026 13:26:43.158] [Render thread/WARN] [gvc/]: Missing sound for event: minecraft:item.bucket.empty
[04авг.2026 13:26:43.158] [Render thread/WARN] [gvc/]: Missing sound for event: minecraft:item.bucket.empty_axolotl
[04авг.2026 13:26:43.159] [Render thread/WARN] [gvc/]: Missing sound for event: minecraft:item.bucket.empty_fish
[04авг.2026 13:26:43.159] [Render thread/WARN] [gvc/]: Missing sound for event: minecraft:item.bucket.empty_lava
[04авг.2026 13:26:43.159] [Render thread/WARN] [gvc/]: Missing sound for event: minecraft:item.bucket.empty_powder_snow
[04авг.2026 13:26:43.159] [Render thread/WARN] [gvc/]: Missing sound for event: minecraft:item.bucket.empty_tadpole
[04авг.2026 13:26:43.159] [Render thread/WARN] [gvc/]: Missing sound for event: minecraft:item.bucket.fill
[04авг.2026 13:26:43.159] [Render thread/WARN] [gvc/]: Missing sound for event: minecraft:item.bucket.fill_axolotl
[04авг.2026 13:26:43.159] [Render thread/WARN] [gvc/]: Missing sound for event: minecraft:item.bucket.fill_fish
[04авг.2026 13:26:43.159] [Render thread/WARN] [gvc/]: Missing sound for event: minecraft:item.bucket.fill_lava
[04авг.2026 13:26:43.159] [Render thread/WARN] [gvc/]: Missing sound for event: minecraft:item.bucket.fill_powder_snow
[04авг.2026 13:26:43.159] [Render thread/WARN] [gvc/]: Missing sound for event: minecraft:item.bucket.fill_tadpole
[04авг.2026 13:26:43.159] [Render thread/WARN] [gvc/]: Missing sound for event: minecraft:item.bundle.drop_contents
[04авг.2026 13:26:43.159] [Render thread/WARN] [gvc/]: Missing sound for event: minecraft:item.bundle.insert
[04авг.2026 13:26:43.159] [Render thread/WARN] [gvc/]: Missing sound for event: minecraft:item.bundle.remove_one
[04авг.2026 13:26:43.159] [Render thread/WARN] [gvc/]: Missing sound for event: minecraft:block.cake.add_candle
[04авг.2026 13:26:43.159] [Render thread/WARN] [gvc/]: Missing sound for event: minecraft:block.calcite.break
[04авг.2026 13:26:43.159] [Render thread/WARN] [gvc/]: Missing sound for event: minecraft:block.calcite.step
[04авг.2026 13:26:43.159] [Render thread/WARN] [gvc/]: Missing sound for event: minecraft:block.calcite.place
[04авг.2026 13:26:43.160] [Render thread/WARN] [gvc/]: Missing sound for event: minecraft:block.calcite.hit
[04авг.2026 13:26:43.160] [Render thread/WARN] [gvc/]: Missing sound for event: minecraft:block.calcite.fall
[04авг.2026 13:26:43.160] [Render thread/WARN] [gvc/]: Missing sound for event: minecraft:entity.camel.ambient
[04авг.2026 13:26:43.160] [Render thread/WARN] [gvc/]: Missing sound for event: minecraft:entity.camel.dash
[04авг.2026 13:26:43.160] [Render thread/WARN] [gvc/]: Missing sound for event: minecraft:entity.camel.dash_ready
[04авг.2026 13:26:43.160] [Render thread/WARN] [gvc/]: Missing sound for event: minecraft:entity.camel.death
[04авг.2026 13:26:43.160] [Render thread/WARN] [gvc/]: Missing sound for event: minecraft:entity.camel.eat
[04авг.2026 13:26:43.160] [Render thread/WARN] [gvc/]: Missing sound for event: minecraft:entity.camel.hurt
[04авг.2026 13:26:43.160] [Render thread/WARN] [gvc/]: Missing sound for event: minecraft:entity.camel.saddle
[04авг.2026 13:26:43.160] [Render thread/WARN] [gvc/]: Missing sound for event: minecraft:entity.camel.sit
[04авг.2026 13:26:43.160] [Render thread/WARN] [gvc/]: Missing sound for event: minecraft:entity.camel.stand
[04авг.2026 13:26:43.160] [Render thread/WARN] [gvc/]: Missing sound for event: minecraft:entity.camel.step
[04авг.2026 13:26:43.160] [Render thread/WARN] [gvc/]: Missing sound for event: minecraft:entity.camel.step_sand
[04авг.2026 13:26:43.160] [Render thread/WARN] [gvc/]: Missing sound for event: minecraft:block.campfire.crackle
[04авг.2026 13:26:43.160] [Render thread/WARN] [gvc/]: Missing sound for event: minecraft:block.candle.ambient
[04авг.2026 13:26:43.160] [Render thread/WARN] [gvc/]: Missing sound for event: minecraft:block.candle.break
[04авг.2026 13:26:43.161] [Render thread/WARN] [gvc/]: Missing sound for event: minecraft:block.candle.extinguish
[04авг.2026 13:26:43.161] [Render thread/WARN] [gvc/]: Missing sound for event: minecraft:block.candle.fall
[04авг.2026 13:26:43.161] [Render thread/WARN] [gvc/]: Missing sound for event: minecraft:block.candle.hit
[04авг.2026 13:26:43.161] [Render thread/WARN] [gvc/]: Missing sound for event: minecraft:block.candle.place
[04авг.2026 13:26:43.161] [Render thread/WARN] [gvc/]: Missing sound for event: minecraft:block.candle.step
[04авг.2026 13:26:43.161] [Render thread/WARN] [gvc/]: Missing sound for event: minecraft:entity.cat.ambient
[04авг.2026 13:26:43.161] [Render thread/WARN] [gvc/]: Missing sound for event: minecraft:entity.cat.stray_ambient
[04авг.2026 13:26:43.161] [Render thread/WARN] [gvc/]: Missing sound for event: minecraft:entity.cat.death
[04авг.2026 13:26:43.161] [Render thread/WARN] [gvc/]: Missing sound for event: minecraft:entity.cat.eat
[04авг.2026 13:26:43.161] [Render thread/WARN] [gvc/]: Missing sound for event: minecraft:entity.cat.hiss
[04авг.2026 13:26:43.161] [Render thread/WARN] [gvc/]: Missing sound for event: minecraft:entity.cat.beg_for_food
[04авг.2026 13:26:43.161] [Render thread/WARN] [gvc/]: Missing sound for event: minecraft:entity.cat.hurt
[04авг.2026 13:26:43.161] [Render thread/WARN] [gvc/]: Missing sound for event: minecraft:entity.cat.purr
[04авг.2026 13:26:43.161] [Render thread/WARN] [gvc/]: Missing sound for event: minecraft:entity.cat.purreow
[04авг.2026 13:26:43.161] [Render thread/WARN] [gvc/]: Missing sound for event: minecraft:block.cave_vines.break
[04авг.2026 13:26:43.161] [Render thread/WARN] [gvc/]: Missing sound for event: minecraft:block.cave_vines.fall
[04авг.2026 13:26:43.161] [Render thread/WARN] [gvc/]: Missing sound for event: minecraft:block.cave_vines.hit
[04авг.2026 13:26:43.161] [Render thread/WARN] [gvc/]: Missing sound for event: minecraft:block.cave_vines.place
[04авг.2026 13:26:43.162] [Render thread/WARN] [gvc/]: Missing sound for event: minecraft:block.cave_vines.step
[04авг.2026 13:26:43.162] [Render thread/WARN] [gvc/]: Missing sound for event: minecraft:block.cave_vines.pick_berries
[04авг.2026 13:26:43.162] [Render thread/WARN] [gvc/]: Missing sound for event: minecraft:block.chain.break
[04авг.2026 13:26:43.162] [Render thread/WARN] [gvc/]: Missing sound for event: minecraft:block.chain.fall
[04авг.2026 13:26:43.162] [Render thread/WARN] [gvc/]: Missing sound for event: minecraft:block.chain.hit
[04авг.2026 13:26:43.162] [Render thread/WARN] [gvc/]: Missing sound for event: minecraft:block.chain.place
[04авг.2026 13:26:43.162] [Render thread/WARN] [gvc/]: Missing sound for event: minecraft:block.chain.step
[04авг.2026 13:26:43.162] [Render thread/WARN] [gvc/]: Missing sound for event: minecraft:block.cherry_wood.break
[04авг.2026 13:26:43.162] [Render thread/WARN] [gvc/]: Missing sound for event: minecraft:block.cherry_wood.fall
[04авг.2026 13:26:43.162] [Render thread/WARN] [gvc/]: Missing sound for event: minecraft:block.cherry_wood.hit
[04авг.2026 13:26:43.162] [Render thread/WARN] [gvc/]: Missing sound for event: minecraft:block.cherry_wood.place
[04авг.2026 13:26:43.162] [Render thread/WARN] [gvc/]: Missing sound for event: minecraft:block.cherry_wood.step
[04авг.2026 13:26:43.162] [Render thread/WARN] [gvc/]: Missing sound for event: minecraft:block.cherry_sapling.break
[04авг.2026 13:26:43.162] [Render thread/WARN] [gvc/]: Missing sound for event: minecraft:block.cherry_sapling.fall
[04авг.2026 13:26:43.162] [Render thread/WARN] [gvc/]: Missing sound for event: minecraft:block.cherry_sapling.hit
[04авг.2026 13:26:43.162] [Render thread/WARN] [gvc/]: Missing sound for event: minecraft:block.cherry_sapling.place
[04авг.2026 13:26:43.162] [Render thread/WARN] [gvc/]: Missing sound for event: minecraft:block.cherry_sapling.step
[04авг.2026 13:26:43.162] [Render thread/WARN] [gvc/]: Missing sound for event: minecraft:block.cherry_leaves.break
[04авг.2026 13:26:43.162] [Render thread/WARN] [gvc/]: Missing sound for event: minecraft:block.cherry_leaves.fall
[04авг.2026 13:26:43.162] [Render thread/WARN] [gvc/]: Missing sound for event: minecraft:block.cherry_leaves.hit
[04авг.2026 13:26:43.162] [Render thread/WARN] [gvc/]: Missing sound for event: minecraft:block.cherry_leaves.place
[04авг.2026 13:26:43.163] [Render thread/WARN] [gvc/]: Missing sound for event: minecraft:block.cherry_leaves.step
[04авг.2026 13:26:43.163] [Render thread/WARN] [gvc/]: Missing sound for event: minecraft:block.cherry_wood_hanging_sign.step
[04авг.2026 13:26:43.163] [Render thread/WARN] [gvc/]: Missing sound for event: minecraft:block.cherry_wood_hanging_sign.break
[04авг.2026 13:26:43.163] [Render thread/WARN] [gvc/]: Missing sound for event: minecraft:block.cherry_wood_hanging_sign.fall
[04авг.2026 13:26:43.163] [Render thread/WARN] [gvc/]: Missing sound for event: minecraft:block.cherry_wood_hanging_sign.hit
[04авг.2026 13:26:43.163] [Render thread/WARN] [gvc/]: Missing sound for event: minecraft:block.cherry_wood_hanging_sign.place
[04авг.2026 13:26:43.163] [Render thread/WARN] [gvc/]: Missing sound for event: minecraft:block.cherry_wood_door.close
[04авг.2026 13:26:43.163] [Render thread/WARN] [gvc/]: Missing sound for event: minecraft:block.cherry_wood_door.open
[04авг.2026 13:26:43.163] [Render thread/WARN] [gvc/]: Missing sound for event: minecraft:block.cherry_wood_trapdoor.close
[04авг.2026 13:26:43.163] [Render thread/WARN] [gvc/]: Missing sound for event: minecraft:block.cherry_wood_trapdoor.open
[04авг.2026 13:26:43.163] [Render thread/WARN] [gvc/]: Missing sound for event: minecraft:block.cherry_wood_button.click_off
[04авг.2026 13:26:43.163] [Render thread/WARN] [gvc/]: Missing sound for event: minecraft:block.cherry_wood_button.click_on
[04авг.2026 13:26:43.163] [Render thread/WARN] [gvc/]: Missing sound for event: minecraft:block.cherry_wood_pressure_plate.click_off
[04авг.2026 13:26:43.163] [Render thread/WARN] [gvc/]: Missing sound for event: minecraft:block.cherry_wood_pressure_plate.click_on
[04авг.2026 13:26:43.163] [Render thread/WARN] [gvc/]: Missing sound for event: minecraft:block.cherry_wood_fence_gate.close
[04авг.2026 13:26:43.163] [Render thread/WARN] [gvc/]: Missing sound for event: minecraft:block.cherry_wood_fence_gate.open
[04авг.2026 13:26:43.163] [Render thread/WARN] [gvc/]: Missing sound for event: minecraft:block.chest.close
[04авг.2026 13:26:43.163] [Render thread/WARN] [gvc/]: Missing sound for event: minecraft:block.chest.locked
[04авг.2026 13:26:43.163] [Render thread/WARN] [gvc/]: Missing sound for event: minecraft:block.chest.open
[04авг.2026 13:26:43.163] [Render thread/WARN] [gvc/]: Missing sound for event: minecraft:entity.chicken.ambient
[04авг.2026 13:26:43.164] [Render thread/WARN] [gvc/]: Missing sound for event: minecraft:entity.chicken.death
[04авг.2026 13:26:43.164] [Render thread/WARN] [gvc/]: Missing sound for event: minecraft:entity.chicken.egg
[04авг.2026 13:26:43.164] [Render thread/WARN] [gvc/]: Missing sound for event: minecraft:entity.chicken.hurt
[04авг.2026 13:26:43.164] [Render thread/WARN] [gvc/]: Missing sound for event: minecraft:entity.chicken.step
[04авг.2026 13:26:43.164] [Render thread/WARN] [gvc/]: Missing sound for event: minecraft:block.chiseled_bookshelf.break
[04авг.2026 13:26:43.164] [Render thread/WARN] [gvc/]: Missing sound for event: minecraft:block.chiseled_bookshelf.fall
[04авг.2026 13:26:43.164] [Render thread/WARN] [gvc/]: Missing sound for event: minecraft:block.chiseled_bookshelf.hit
[04авг.2026 13:26:43.164] [Render thread/WARN] [gvc/]: Missing sound for event: minecraft:block.chiseled_bookshelf.insert
[04авг.2026 13:26:43.164] [Render thread/WARN] [gvc/]: Missing sound for event: minecraft:block.chiseled_bookshelf.insert.enchanted
[04авг.2026 13:26:43.164] [Render thread/WARN] [gvc/]: Missing sound for event: minecraft:block.chiseled_bookshelf.step
[04авг.2026 13:26:43.164] [Render thread/WARN] [gvc/]: Missing sound for event: minecraft:block.chiseled_bookshelf.pickup
[04авг.2026 13:26:43.164] [Render thread/WARN] [gvc/]: Missing sound for event: minecraft:block.chiseled_bookshelf.pickup.enchanted
[04авг.2026 13:26:43.164] [Render thread/WARN] [gvc/]: Missing sound for event: minecraft:block.chiseled_bookshelf.place
[04авг.2026 13:26:43.164] [Render thread/WARN] [gvc/]: Missing sound for event: minecraft:block.chorus_flower.death
[04авг.2026 13:26:43.164] [Render thread/WARN] [gvc/]: Missing sound for event: minecraft:block.chorus_flower.grow
[04авг.2026 13:26:43.164] [Render thread/WARN] [gvc/]: Missing sound for event: minecraft:item.chorus_fruit.teleport
[04авг.2026 13:26:43.164] [Render thread/WARN] [gvc/]: Missing sound for event: minecraft:block.cobweb.break
[04авг.2026 13:26:43.164] [Render thread/WARN] [gvc/]: Missing sound for event: minecraft:block.cobweb.step
[04авг.2026 13:26:43.164] [Render thread/WARN] [gvc/]: Missing sound for event: minecraft:block.cobweb.place
[04авг.2026 13:26:43.164] [Render thread/WARN] [gvc/]: Missing sound for event: minecraft:block.cobweb.hit
[04авг.2026 13:26:43.164] [Render thread/WARN] [gvc/]: Missing sound for event: minecraft:block.cobweb.fall
[04авг.2026 13:26:43.164] [Render thread/WARN] [gvc/]: Missing sound for event: minecraft:entity.cod.ambient
[04авг.2026 13:26:43.165] [Render thread/WARN] [gvc/]: Missing sound for event: minecraft:entity.cod.death
[04авг.2026 13:26:43.165] [Render thread/WARN] [gvc/]: Missing sound for event: minecraft:entity.cod.flop
[04авг.2026 13:26:43.165] [Render thread/WARN] [gvc/]: Missing sound for event: minecraft:entity.cod.hurt
[04авг.2026 13:26:43.165] [Render thread/WARN] [gvc/]: Missing sound for event: minecraft:block.comparator.click
[04авг.2026 13:26:43.165] [Render thread/WARN] [gvc/]: Missing sound for event: minecraft:block.composter.empty
[04авг.2026 13:26:43.165] [Render thread/WARN] [gvc/]: Missing sound for event: minecraft:block.composter.fill
[04авг.2026 13:26:43.165] [Render thread/WARN] [gvc/]: Missing sound for event: minecraft:block.composter.fill_success
[04авг.2026 13:26:43.165] [Render thread/WARN] [gvc/]: Missing sound for event: minecraft:block.composter.ready
[04авг.2026 13:26:43.165] [Render thread/WARN] [gvc/]: Missing sound for event: minecraft:block.conduit.activate
[04авг.2026 13:26:43.165] [Render thread/WARN] [gvc/]: Missing sound for event: minecraft:block.conduit.ambient
[04авг.2026 13:26:43.165] [Render thread/WARN] [gvc/]: Missing sound for event: minecraft:block.conduit.ambient.short
[04авг.2026 13:26:43.165] [Render thread/WARN] [gvc/]: Missing sound for event: minecraft:block.conduit.attack.target
[04авг.2026 13:26:43.165] [Render thread/WARN] [gvc/]: Missing sound for event: minecraft:block.conduit.deactivate
[04авг.2026 13:26:43.165] [Render thread/WARN] [gvc/]: Missing sound for event: minecraft:block.copper_bulb.break
[04авг.2026 13:26:43.165] [Render thread/WARN] [gvc/]: Missing sound for event: minecraft:block.copper_bulb.step
[04авг.2026 13:26:43.165] [Render thread/WARN] [gvc/]: Missing sound for event: minecraft:block.copper_bulb.place
[04авг.2026 13:26:43.165] [Render thread/WARN] [gvc/]: Missing sound for event: minecraft:block.copper_bulb.hit
[04авг.2026 13:26:43.165] [Render thread/WARN] [gvc/]: Missing sound for event: minecraft:block.copper_bulb.fall
[04авг.2026 13:26:43.165] [Render thread/WARN] [gvc/]: Missing sound for event: minecraft:block.copper_bulb.turn_on
[04авг.2026 13:26:43.165] [Render thread/WARN] [gvc/]: Missing sound for event: minecraft:block.copper_bulb.turn_off
[04авг.2026 13:26:43.165] [Render thread/WARN] [gvc/]: Missing sound for event: minecraft:block.copper.break
[04авг.2026 13:26:43.165] [Render thread/WARN] [gvc/]: Missing sound for event: minecraft:block.copper.step
[04авг.2026 13:26:43.165] [Render thread/WARN] [gvc/]: Missing sound for event: minecraft:block.copper.place
[04авг.2026 13:26:43.165] [Render thread/WARN] [gvc/]: Missing sound for event: minecraft:block.copper.hit
[04авг.2026 13:26:43.166] [Render thread/WARN] [gvc/]: Missing sound for event: minecraft:block.copper.fall
[04авг.2026 13:26:43.166] [Render thread/WARN] [gvc/]: Missing sound for event: minecraft:block.copper_door.close
[04авг.2026 13:26:43.166] [Render thread/WARN] [gvc/]: Missing sound for event: minecraft:block.copper_door.open
[04авг.2026 13:26:43.166] [Render thread/WARN] [gvc/]: Missing sound for event: minecraft:block.copper_grate.break
[04авг.2026 13:26:43.166] [Render thread/WARN] [gvc/]: Missing sound for event: minecraft:block.copper_grate.step
[04авг.2026 13:26:43.166] [Render thread/WARN] [gvc/]: Missing sound for event: minecraft:block.copper_grate.place
[04авг.2026 13:26:43.166] [Render thread/WARN] [gvc/]: Missing sound for event: minecraft:block.copper_grate.hit
[04авг.2026 13:26:43.166] [Render thread/WARN] [gvc/]: Missing sound for event: minecraft:block.copper_grate.fall
[04авг.2026 13:26:43.166] [Render thread/WARN] [gvc/]: Missing sound for event: minecraft:block.copper_trapdoor.close
[04авг.2026 13:26:43.166] [Render thread/WARN] [gvc/]: Missing sound for event: minecraft:block.copper_trapdoor.open
[04авг.2026 13:26:43.166] [Render thread/WARN] [gvc/]: Missing sound for event: minecraft:block.coral_block.break
[04авг.2026 13:26:43.166] [Render thread/WARN] [gvc/]: Missing sound for event: minecraft:block.coral_block.fall
[04авг.2026 13:26:43.166] [Render thread/WARN] [gvc/]: Missing sound for event: minecraft:block.coral_block.hit
[04авг.2026 13:26:43.166] [Render thread/WARN] [gvc/]: Missing sound for event: minecraft:block.coral_block.place
[04авг.2026 13:26:43.166] [Render thread/WARN] [gvc/]: Missing sound for event: minecraft:block.coral_block.step
[04авг.2026 13:26:43.166] [Render thread/WARN] [gvc/]: Missing sound for event: minecraft:entity.cow.ambient
[04авг.2026 13:26:43.166] [Render thread/WARN] [gvc/]: Missing sound for event: minecraft:entity.cow.death
[04авг.2026 13:26:43.166] [Render thread/WARN] [gvc/]: Missing sound for event: minecraft:entity.cow.hurt
[04авг.2026 13:26:43.166] [Render thread/WARN] [gvc/]: Missing sound for event: minecraft:entity.cow.milk
[04авг.2026 13:26:43.166] [Render thread/WARN] [gvc/]: Missing sound for event: minecraft:entity.cow.step
[04авг.2026 13:26:43.166] [Render thread/WARN] [gvc/]: Missing sound for event: minecraft:block.crafter.craft
[04авг.2026 13:26:43.166] [Render thread/WARN] [gvc/]: Missing sound for event: minecraft:block.crafter.fail
[04авг.2026 13:26:43.166] [Render thread/WARN] [gvc/]: Missing sound for event: minecraft:entity.creeper.death
[04авг.2026 13:26:43.166] [Render thread/WARN] [gvc/]: Missing sound for event: minecraft:entity.creeper.hurt
[04авг.2026 13:26:43.167] [Render thread/WARN] [gvc/]: Missing sound for event: minecraft:entity.creeper.primed
[04авг.2026 13:26:43.167] [Render thread/WARN] [gvc/]: Missing sound for event: minecraft:block.crop.break
[04авг.2026 13:26:43.167] [Render thread/WARN] [gvc/]: Missing sound for event: minecraft:item.crop.plant
[04авг.2026 13:26:43.167] [Render thread/WARN] [gvc/]: Missing sound for event: minecraft:item.crossbow.hit
[04авг.2026 13:26:43.167] [Render thread/WARN] [gvc/]: Missing sound for event: minecraft:item.crossbow.loading_end
[04авг.2026 13:26:43.167] [Render thread/WARN] [gvc/]: Missing sound for event: minecraft:item.crossbow.loading_middle
[04авг.2026 13:26:43.167] [Render thread/WARN] [gvc/]: Missing sound for event: minecraft:item.crossbow.loading_start
[04авг.2026 13:26:43.167] [Render thread/WARN] [gvc/]: Missing sound for event: minecraft:item.crossbow.quick_charge_1
[04авг.2026 13:26:43.167] [Render thread/WARN] [gvc/]: Missing sound for event: minecraft:item.crossbow.quick_charge_2
[04авг.2026 13:26:43.167] [Render thread/WARN] [gvc/]: Missing sound for event: minecraft:item.crossbow.quick_charge_3
[04авг.2026 13:26:43.167] [Render thread/WARN] [gvc/]: Missing sound for event: minecraft:item.crossbow.shoot
[04авг.2026 13:26:43.167] [Render thread/WARN] [gvc/]: Missing sound for event: minecraft:block.decorated_pot.break
[04авг.2026 13:26:43.167] [Render thread/WARN] [gvc/]: Missing sound for event: minecraft:block.decorated_pot.fall
[04авг.2026 13:26:43.167] [Render thread/WARN] [gvc/]: Missing sound for event: minecraft:block.decorated_pot.hit
[04авг.2026 13:26:43.167] [Render thread/WARN] [gvc/]: Missing sound for event: minecraft:block.decorated_pot.insert
[04авг.2026 13:26:43.167] [Render thread/WARN] [gvc/]: Missing sound for event: minecraft:block.decorated_pot.insert_fail
[04авг.2026 13:26:43.167] [Render thread/WARN] [gvc/]: Missing sound for event: minecraft:block.decorated_pot.step
[04авг.2026 13:26:43.167] [Render thread/WARN] [gvc/]: Missing sound for event: minecraft:block.decorated_pot.place
[04авг.2026 13:26:43.167] [Render thread/WARN] [gvc/]: Missing sound for event: minecraft:block.decorated_pot.shatter
[04авг.2026 13:26:43.167] [Render thread/WARN] [gvc/]: Missing sound for event: minecraft:block.deepslate_bricks.break
[04авг.2026 13:26:43.167] [Render thread/WARN] [gvc/]: Missing sound for event: minecraft:block.deepslate_bricks.fall
[04авг.2026 13:26:43.167] [Render thread/WARN] [gvc/]: Missing sound for event: minecraft:block.deepslate_bricks.hit
[04авг.2026 13:26:43.167] [Render thread/WARN] [gvc/]: Missing sound for event: minecraft:block.deepslate_bricks.place
[04авг.2026 13:26:43.167] [Render thread/WARN] [gvc/]: Missing sound for event: minecraft:block.deepslate_bricks.step
[04авг.2026 13:26:43.167] [Render thread/WARN] [gvc/]: Missing sound for event: minecraft:block.deepslate.break
[04авг.2026 13:26:43.167] [Render thread/WARN] [gvc/]: Missing sound for event: minecraft:block.deepslate.fall
[04авг.2026 13:26:43.167] [Render thread/WARN] [gvc/]: Missing sound for event: minecraft:block.deepslate.hit
[04авг.2026 13:26:43.167] [Render thread/WARN] [gvc/]: Missing sound for event: minecraft:block.deepslate.place
[04авг.2026 13:26:43.168] [Render thread/WARN] [gvc/]: Missing sound for event: minecraft:block.deepslate.step
[04авг.2026 13:26:43.168] [Render thread/WARN] [gvc/]: Missing sound for event: minecraft:block.deepslate_tiles.break
[04авг.2026 13:26:43.168] [Render thread/WARN] [gvc/]: Missing sound for event: minecraft:block.deepslate_tiles.fall
[04авг.2026 13:26:43.168] [Render thread/WARN] [gvc/]: Missing sound for event: minecraft:block.deepslate_tiles.hit
[04авг.2026 13:26:43.168] [Render thread/WARN] [gvc/]: Missing sound for event: minecraft:block.deepslate_tiles.place
[04авг.2026 13:26:43.168] [Render thread/WARN] [gvc/]: Missing sound for event: minecraft:block.deepslate_tiles.step
[04авг.2026 13:26:43.168] [Render thread/WARN] [gvc/]: Missing sound for event: minecraft:block.dispenser.dispense
[04авг.2026 13:26:43.168] [Render thread/WARN] [gvc/]: Missing sound for event: minecraft:block.dispenser.fail
[04авг.2026 13:26:43.168] [Render thread/WARN] [gvc/]: Missing sound for event: minecraft:block.dispenser.launch
[04авг.2026 13:26:43.168] [Render thread/WARN] [gvc/]: Missing sound for event: minecraft:entity.dolphin.ambient
[04авг.2026 13:26:43.168] [Render thread/WARN] [gvc/]: Missing sound for event: minecraft:entity.dolphin.ambient_water
[04авг.2026 13:26:43.168] [Render thread/WARN] [gvc/]: Missing sound for event: minecraft:entity.dolphin.attack
[04авг.2026 13:26:43.168] [Render thread/WARN] [gvc/]: Missing sound for event: minecraft:entity.dolphin.death
[04авг.2026 13:26:43.168] [Render thread/WARN] [gvc/]: Missing sound for event: minecraft:entity.dolphin.eat
[04авг.2026 13:26:43.168] [Render thread/WARN] [gvc/]: Missing sound for event: minecraft:entity.dolphin.hurt
[04авг.2026 13:26:43.168] [Render thread/WARN] [gvc/]: Missing sound for event: minecraft:entity.dolphin.jump
[04авг.2026 13:26:43.168] [Render thread/WARN] [gvc/]: Missing sound for event: minecraft:entity.dolphin.play
[04авг.2026 13:26:43.168] [Render thread/WARN] [gvc/]: Missing sound for event: minecraft:entity.dolphin.splash
[04авг.2026 13:26:43.168] [Render thread/WARN] [gvc/]: Missing sound for event: minecraft:entity.dolphin.swim
[04авг.2026 13:26:43.168] [Render thread/WARN] [gvc/]: Missing sound for event: minecraft:entity.donkey.ambient
[04авг.2026 13:26:43.168] [Render thread/WARN] [gvc/]: Missing sound for event: minecraft:entity.donkey.angry
[04авг.2026 13:26:43.168] [Render thread/WARN] [gvc/]: Missing sound for event: minecraft:entity.donkey.chest
[04авг.2026 13:26:43.168] [Render thread/WARN] [gvc/]: Missing sound for event: minecraft:entity.donkey.death
[04авг.2026 13:26:43.168] [Render thread/WARN] [gvc/]: Missing sound for event: minecraft:entity.donkey.eat
[04авг.2026 13:26:43.168] [Render thread/WARN] [gvc/]: Missing sound for event: minecraft:entity.donkey.hurt
[04авг.2026 13:26:43.168] [Render thread/WARN] [gvc/]: Missing sound for event: minecraft:entity.donkey.jump
[04авг.2026 13:26:43.168] [Render thread/WARN] [gvc/]: Missing sound for event: minecraft:block.dripstone_block.break
[04авг.2026 13:26:43.168] [Render thread/WARN] [gvc/]: Missing sound for event: minecraft:block.dripstone_block.step
[04авг.2026 13:26:43.168] [Render thread/WARN] [gvc/]: Missing sound for event: minecraft:block.dripstone_block.place
[04авг.2026 13:26:43.169] [Render thread/WARN] [gvc/]: Missing sound for event: minecraft:block.dripstone_block.hit
[04авг.2026 13:26:43.169] [Render thread/WARN] [gvc/]: Missing sound for event: minecraft:block.dripstone_block.fall
[04авг.2026 13:26:43.169] [Render thread/WARN] [gvc/]: Missing sound for event: minecraft:block.pointed_dripstone.break
[04авг.2026 13:26:43.169] [Render thread/WARN] [gvc/]: Missing sound for event: minecraft:block.pointed_dripstone.step
[04авг.2026 13:26:43.169] [Render thread/WARN] [gvc/]: Missing sound for event: minecraft:block.pointed_dripstone.place
[04авг.2026 13:26:43.169] [Render thread/WARN] [gvc/]: Missing sound for event: minecraft:block.pointed_dripstone.hit
[04авг.2026 13:26:43.169] [Render thread/WARN] [gvc/]: Missing sound for event: minecraft:block.pointed_dripstone.fall
[04авг.2026 13:26:43.169] [Render thread/WARN] [gvc/]: Missing sound for event: minecraft:block.pointed_dripstone.land
[04авг.2026 13:26:43.169] [Render thread/WARN] [gvc/]: Missing sound for event: minecraft:block.pointed_dripstone.drip_lava
[04авг.2026 13:26:43.169] [Render thread/WARN] [gvc/]: Missing sound for event: minecraft:block.pointed_dripstone.drip_water
[04авг.2026 13:26:43.169] [Render thread/WARN] [gvc/]: Missing sound for event: minecraft:block.pointed_dripstone.drip_lava_into_cauldron
[04авг.2026 13:26:43.169] [Render thread/WARN] [gvc/]: Missing sound for event: minecraft:block.pointed_dripstone.drip_water_into_cauldron
[04авг.2026 13:26:43.169] [Render thread/WARN] [gvc/]: Missing sound for event: minecraft:block.big_dripleaf.tilt_down
[04авг.2026 13:26:43.169] [Render thread/WARN] [gvc/]: Missing sound for event: minecraft:block.big_dripleaf.tilt_up
[04авг.2026 13:26:43.169] [Render thread/WARN] [gvc/]: Missing sound for event: minecraft:entity.drowned.ambient
[04авг.2026 13:26:43.169] [Render thread/WARN] [gvc/]: Missing sound for event: minecraft:entity.drowned.ambient_water
[04авг.2026 13:26:43.169] [Render thread/WARN] [gvc/]: Missing sound for event: minecraft:entity.drowned.death
[04авг.2026 13:26:43.169] [Render thread/WARN] [gvc/]: Missing sound for event: minecraft:entity.drowned.death_water
[04авг.2026 13:26:43.169] [Render thread/WARN] [gvc/]: Missing sound for event: minecraft:entity.drowned.hurt
[04авг.2026 13:26:43.169] [Render thread/WARN] [gvc/]: Missing sound for event: minecraft:entity.drowned.hurt_water
[04авг.2026 13:26:43.169] [Render thread/WARN] [gvc/]: Missing sound for event: minecraft:entity.drowned.shoot
[04авг.2026 13:26:43.169] [Render thread/WARN] [gvc/]: Missing sound for event: minecraft:entity.drowned.step
[04авг.2026 13:26:43.169] [Render thread/WARN] [gvc/]: Missing sound for event: minecraft:entity.drowned.swim
[04авг.2026 13:26:43.169] [Render thread/WARN] [gvc/]: Missing sound for event: minecraft:item.dye.use
[04авг.2026 13:26:43.169] [Render thread/WARN] [gvc/]: Missing sound for event: minecraft:entity.egg.throw
[04авг.2026 13:26:43.169] [Render thread/WARN] [gvc/]: Missing sound for event: minecraft:entity.elder_guardian.ambient
[04авг.2026 13:26:43.169] [Render thread/WARN] [gvc/]: Missing sound for event: minecraft:entity.elder_guardian.ambient_land
[04авг.2026 13:26:43.169] [Render thread/WARN] [gvc/]: Missing sound for event: minecraft:entity.elder_guardian.curse
[04авг.2026 13:26:43.169] [Render thread/WARN] [gvc/]: Missing sound for event: minecraft:entity.elder_guardian.death
[04авг.2026 13:26:43.169] [Render thread/WARN] [gvc/]: Missing sound for event: minecraft:entity.elder_guardian.death_land
[04авг.2026 13:26:43.170] [Render thread/WARN] [gvc/]: Missing sound for event: minecraft:entity.elder_guardian.flop
[04авг.2026 13:26:43.170] [Render thread/WARN] [gvc/]: Missing sound for event: minecraft:entity.elder_guardian.hurt
[04авг.2026 13:26:43.170] [Render thread/WARN] [gvc/]: Missing sound for event: minecraft:entity.elder_guardian.hurt_land
[04авг.2026 13:26:43.170] [Render thread/WARN] [gvc/]: Missing sound for event: minecraft:item.elytra.flying
[04авг.2026 13:26:43.170] [Render thread/WARN] [gvc/]: Missing sound for event: minecraft:block.enchantment_table.use
[04авг.2026 13:26:43.170] [Render thread/WARN] [gvc/]: Missing sound for event: minecraft:block.ender_chest.close
[04авг.2026 13:26:43.170] [Render thread/WARN] [gvc/]: Missing sound for event: minecraft:block.ender_chest.open
[04авг.2026 13:26:43.170] [Render thread/WARN] [gvc/]: Missing sound for event: minecraft:entity.ender_dragon.ambient
[04авг.2026 13:26:43.170] [Render thread/WARN] [gvc/]: Missing sound for event: minecraft:entity.ender_dragon.death
[04авг.2026 13:26:43.170] [Render thread/WARN] [gvc/]: Missing sound for event: minecraft:entity.dragon_fireball.explode
[04авг.2026 13:26:43.170] [Render thread/WARN] [gvc/]: Missing sound for event: minecraft:entity.ender_dragon.flap
[04авг.2026 13:26:43.170] [Render thread/WARN] [gvc/]: Missing sound for event: minecraft:entity.ender_dragon.growl
[04авг.2026 13:26:43.170] [Render thread/WARN] [gvc/]: Missing sound for event: minecraft:entity.ender_dragon.hurt
[04авг.2026 13:26:43.170] [Render thread/WARN] [gvc/]: Missing sound for event: minecraft:entity.ender_dragon.shoot
[04авг.2026 13:26:43.170] [Render thread/WARN] [gvc/]: Missing sound for event: minecraft:entity.ender_eye.death
[04авг.2026 13:26:43.170] [Render thread/WARN] [gvc/]: Missing sound for event: minecraft:entity.ender_eye.launch
[04авг.2026 13:26:43.170] [Render thread/WARN] [gvc/]: Missing sound for event: minecraft:entity.enderman.ambient
[04авг.2026 13:26:43.170] [Render thread/WARN] [gvc/]: Missing sound for event: minecraft:entity.enderman.death
[04авг.2026 13:26:43.170] [Render thread/WARN] [gvc/]: Missing sound for event: minecraft:entity.enderman.hurt
[04авг.2026 13:26:43.170] [Render thread/WARN] [gvc/]: Missing sound for event: minecraft:entity.enderman.scream
[04авг.2026 13:26:43.170] [Render thread/WARN] [gvc/]: Missing sound for event: minecraft:entity.enderman.stare
[04авг.2026 13:26:43.170] [Render thread/WARN] [gvc/]: Missing sound for event: minecraft:entity.enderman.teleport
[04авг.2026 13:26:43.170] [Render thread/WARN] [gvc/]: Missing sound for event: minecraft:entity.endermite.ambient
[04авг.2026 13:26:43.170] [Render thread/WARN] [gvc/]: Missing sound for event: minecraft:entity.endermite.death
[04авг.2026 13:26:43.170] [Render thread/WARN] [gvc/]: Missing sound for event: minecraft:entity.endermite.hurt
[04авг.2026 13:26:43.170] [Render thread/WARN] [gvc/]: Missing sound for event: minecraft:entity.endermite.step
[04авг.2026 13:26:43.170] [Render thread/WARN] [gvc/]: Missing sound for event: minecraft:entity.ender_pearl.throw
[04авг.2026 13:26:43.170] [Render thread/WARN] [gvc/]: Missing sound for event: minecraft:block.end_gateway.spawn
[04авг.2026 13:26:43.170] [Render thread/WARN] [gvc/]: Missing sound for event: minecraft:block.end_portal_frame.fill
[04авг.2026 13:26:43.170] [Render thread/WARN] [gvc/]: Missing sound for event: minecraft:block.end_portal.spawn
[04авг.2026 13:26:43.170] [Render thread/WARN] [gvc/]: Missing sound for event: minecraft:entity.evoker.ambient
[04авг.2026 13:26:43.171] [Render thread/WARN] [gvc/]: Missing sound for event: minecraft:entity.evoker.cast_spell
[04авг.2026 13:26:43.171] [Render thread/WARN] [gvc/]: Missing sound for event: minecraft:entity.evoker.celebrate
[04авг.2026 13:26:43.171] [Render thread/WARN] [gvc/]: Missing sound for event: minecraft:entity.evoker.death
[04авг.2026 13:26:43.171] [Render thread/WARN] [gvc/]: Missing sound for event: minecraft:entity.evoker_fangs.attack
[04авг.2026 13:26:43.171] [Render thread/WARN] [gvc/]: Missing sound for event: minecraft:entity.evoker.hurt
[04авг.2026 13:26:43.171] [Render thread/WARN] [gvc/]: Missing sound for event: minecraft:entity.evoker.prepare_attack
[04авг.2026 13:26:43.171] [Render thread/WARN] [gvc/]: Missing sound for event: minecraft:entity.evoker.prepare_summon
[04авг.2026 13:26:43.171] [Render thread/WARN] [gvc/]: Missing sound for event: minecraft:entity.evoker.prepare_wololo
[04авг.2026 13:26:43.171] [Render thread/WARN] [gvc/]: Missing sound for event: minecraft:entity.experience_bottle.throw
[04авг.2026 13:26:43.171] [Render thread/WARN] [gvc/]: Missing sound for event: minecraft:entity.experience_orb.pickup
[04авг.2026 13:26:43.171] [Render thread/WARN] [gvc/]: Missing sound for event: minecraft:block.fence_gate.close
[04авг.2026 13:26:43.171] [Render thread/WARN] [gvc/]: Missing sound for event: minecraft:block.fence_gate.open
[04авг.2026 13:26:43.171] [Render thread/WARN] [gvc/]: Missing sound for event: minecraft:item.firecharge.use
[04авг.2026 13:26:43.171] [Render thread/WARN] [gvc/]: Missing sound for event: minecraft:entity.firework_rocket.blast
[04авг.2026 13:26:43.171] [Render thread/WARN] [gvc/]: Missing sound for event: minecraft:entity.firework_rocket.blast_far
[04авг.2026 13:26:43.171] [Render thread/WARN] [gvc/]: Missing sound for event: minecraft:entity.firework_rocket.large_blast
[04авг.2026 13:26:43.171] [Render thread/WARN] [gvc/]: Missing sound for event: minecraft:entity.firework_rocket.large_blast_far
[04авг.2026 13:26:43.171] [Render thread/WARN] [gvc/]: Missing sound for event: minecraft:entity.firework_rocket.launch
[04авг.2026 13:26:43.171] [Render thread/WARN] [gvc/]: Missing sound for event: minecraft:entity.firework_rocket.shoot
[04авг.2026 13:26:43.171] [Render thread/WARN] [gvc/]: Missing sound for event: minecraft:entity.firework_rocket.twinkle
[04авг.2026 13:26:43.172] [Render thread/WARN] [gvc/]: Missing sound for event: minecraft:entity.firework_rocket.twinkle_far
[04авг.2026 13:26:43.172] [Render thread/WARN] [gvc/]: Missing sound for event: minecraft:block.fire.ambient
[04авг.2026 13:26:43.172] [Render thread/WARN] [gvc/]: Missing sound for event: minecraft:block.fire.extinguish
[04авг.2026 13:26:43.172] [Render thread/WARN] [gvc/]: Missing sound for event: minecraft:entity.fish.swim
[04авг.2026 13:26:43.172] [Render thread/WARN] [gvc/]: Missing sound for event: minecraft:entity.fishing_bobber.retrieve
[04авг.2026 13:26:43.172] [Render thread/WARN] [gvc/]: Missing sound for event: minecraft:entity.fishing_bobber.splash
[04авг.2026 13:26:43.172] [Render thread/WARN] [gvc/]: Missing sound for event: minecraft:entity.fishing_bobber.throw
[04авг.2026 13:26:43.172] [Render thread/WARN] [gvc/]: Missing sound for event: minecraft:item.flintandsteel.use
[04авг.2026 13:26:43.172] [Render thread/WARN] [gvc/]: Missing sound for event: minecraft:block.flowering_azalea.break
[04авг.2026 13:26:43.172] [Render thread/WARN] [gvc/]: Missing sound for event: minecraft:block.flowering_azalea.fall
[04авг.2026 13:26:43.172] [Render thread/WARN] [gvc/]: Missing sound for event: minecraft:block.flowering_azalea.hit
[04авг.2026 13:26:43.172] [Render thread/WARN] [gvc/]: Missing sound for event: minecraft:block.flowering_azalea.place
[04авг.2026 13:26:43.172] [Render thread/WARN] [gvc/]: Missing sound for event: minecraft:block.flowering_azalea.step
[04авг.2026 13:26:43.172] [Render thread/WARN] [gvc/]: Missing sound for event: minecraft:entity.fox.aggro
[04авг.2026 13:26:43.172] [Render thread/WARN] [gvc/]: Missing sound for event: minecraft:entity.fox.ambient
[04авг.2026 13:26:43.172] [Render thread/WARN] [gvc/]: Missing sound for event: minecraft:entity.fox.bite
[04авг.2026 13:26:43.172] [Render thread/WARN] [gvc/]: Missing sound for event: minecraft:entity.fox.death
[04авг.2026 13:26:43.172] [Render thread/WARN] [gvc/]: Missing sound for event: minecraft:entity.fox.eat
[04авг.2026 13:26:43.172] [Render thread/WARN] [gvc/]: Missing sound for event: minecraft:entity.fox.hurt
[04авг.2026 13:26:43.172] [Render thread/WARN] [gvc/]: Missing sound for event: minecraft:entity.fox.screech
[04авг.2026 13:26:43.172] [Render thread/WARN] [gvc/]: Missing sound for event: minecraft:entity.fox.sleep
[04авг.2026 13:26:43.172] [Render thread/WARN] [gvc/]: Missing sound for event: minecraft:entity.fox.sniff
[04авг.2026 13:26:43.172] [Render thread/WARN] [gvc/]: Missing sound for event: minecraft:entity.fox.spit
[04авг.2026 13:26:43.172] [Render thread/WARN] [gvc/]: Missing sound for event: minecraft:entity.fox.teleport
[04авг.2026 13:26:43.172] [Render thread/WARN] [gvc/]: Missing sound for event: minecraft:block.suspicious_sand.break
[04авг.2026 13:26:43.172] [Render thread/WARN] [gvc/]: Missing sound for event: minecraft:block.suspicious_sand.step
[04авг.2026 13:26:43.172] [Render thread/WARN] [gvc/]: Missing sound for event: minecraft:block.suspicious_sand.place
[04авг.2026 13:26:43.172] [Render thread/WARN] [gvc/]: Missing sound for event: minecraft:block.suspicious_sand.hit
[04авг.2026 13:26:43.172] [Render thread/WARN] [gvc/]: Missing sound for event: minecraft:block.suspicious_sand.fall
[04авг.2026 13:26:43.172] [Render thread/WARN] [gvc/]: Missing sound for event: minecraft:block.suspicious_gravel.break
[04авг.2026 13:26:43.172] [Render thread/WARN] [gvc/]: Missing sound for event: minecraft:block.suspicious_gravel.step
[04авг.2026 13:26:43.172] [Render thread/WARN] [gvc/]: Missing sound for event: minecraft:block.suspicious_gravel.place
[04авг.2026 13:26:43.173] [Render thread/WARN] [gvc/]: Missing sound for event: minecraft:block.suspicious_gravel.hit
[04авг.2026 13:26:43.173] [Render thread/WARN] [gvc/]: Missing sound for event: minecraft:block.suspicious_gravel.fall
[04авг.2026 13:26:43.173] [Render thread/WARN] [gvc/]: Missing sound for event: minecraft:block.froglight.break
[04авг.2026 13:26:43.173] [Render thread/WARN] [gvc/]: Missing sound for event: minecraft:block.froglight.fall
[04авг.2026 13:26:43.173] [Render thread/WARN] [gvc/]: Missing sound for event: minecraft:block.froglight.hit
[04авг.2026 13:26:43.173] [Render thread/WARN] [gvc/]: Missing sound for event: minecraft:block.froglight.place
[04авг.2026 13:26:43.173] [Render thread/WARN] [gvc/]: Missing sound for event: minecraft:block.froglight.step
[04авг.2026 13:26:43.173] [Render thread/WARN] [gvc/]: Missing sound for event: minecraft:block.frogspawn.step
[04авг.2026 13:26:43.173] [Render thread/WARN] [gvc/]: Missing sound for event: minecraft:block.frogspawn.break
[04авг.2026 13:26:43.173] [Render thread/WARN] [gvc/]: Missing sound for event: minecraft:block.frogspawn.fall
[04авг.2026 13:26:43.173] [Render thread/WARN] [gvc/]: Missing sound for event: minecraft:block.frogspawn.hatch
[04авг.2026 13:26:43.173] [Render thread/WARN] [gvc/]: Missing sound for event: minecraft:block.frogspawn.hit
[04авг.2026 13:26:43.173] [Render thread/WARN] [gvc/]: Missing sound for event: minecraft:block.frogspawn.place
[04авг.2026 13:26:43.173] [Render thread/WARN] [gvc/]: Missing sound for event: minecraft:entity.frog.ambient
[04авг.2026 13:26:43.173] [Render thread/WARN] [gvc/]: Missing sound for event: minecraft:entity.frog.death
[04авг.2026 13:26:43.173] [Render thread/WARN] [gvc/]: Missing sound for event: minecraft:entity.frog.eat
[04авг.2026 13:26:43.173] [Render thread/WARN] [gvc/]: Missing sound for event: minecraft:entity.frog.hurt
[04авг.2026 13:26:43.173] [Render thread/WARN] [gvc/]: Missing sound for event: minecraft:entity.frog.lay_spawn
[04авг.2026 13:26:43.173] [Render thread/WARN] [gvc/]: Missing sound for event: minecraft:entity.frog.long_jump
[04авг.2026 13:26:43.173] [Render thread/WARN] [gvc/]: Missing sound for event: minecraft:entity.frog.step
[04авг.2026 13:26:43.173] [Render thread/WARN] [gvc/]: Missing sound for event: minecraft:entity.frog.tongue
[04авг.2026 13:26:43.173] [Render thread/WARN] [gvc/]: Missing sound for event: minecraft:block.roots.break
[04авг.2026 13:26:43.173] [Render thread/WARN] [gvc/]: Missing sound for event: minecraft:block.roots.step
[04авг.2026 13:26:43.173] [Render thread/WARN] [gvc/]: Missing sound for event: minecraft:block.roots.place
[04авг.2026 13:26:43.173] [Render thread/WARN] [gvc/]: Missing sound for event: minecraft:block.roots.hit
[04авг.2026 13:26:43.173] [Render thread/WARN] [gvc/]: Missing sound for event: minecraft:block.roots.fall
[04авг.2026 13:26:43.173] [Render thread/WARN] [gvc/]: Missing sound for event: minecraft:block.furnace.fire_crackle
[04авг.2026 13:26:43.173] [Render thread/WARN] [gvc/]: Missing sound for event: minecraft:entity.generic.big_fall
[04авг.2026 13:26:43.173] [Render thread/WARN] [gvc/]: Missing sound for event: minecraft:entity.generic.burn
[04авг.2026 13:26:43.173] [Render thread/WARN] [gvc/]: Missing sound for event: minecraft:entity.generic.death
[04авг.2026 13:26:43.173] [Render thread/WARN] [gvc/]: Missing sound for event: minecraft:entity.generic.drink
[04авг.2026 13:26:43.173] [Render thread/WARN] [gvc/]: Missing sound for event: minecraft:entity.generic.eat
[04авг.2026 13:26:43.173] [Render thread/WARN] [gvc/]: Missing sound for event: minecraft:entity.generic.explode
[04авг.2026 13:26:43.173] [Render thread/WARN] [gvc/]: Missing sound for event: minecraft:entity.generic.extinguish_fire
[04авг.2026 13:26:43.173] [Render thread/WARN] [gvc/]: Missing sound for event: minecraft:entity.generic.hurt
[04авг.2026 13:26:43.173] [Render thread/WARN] [gvc/]: Missing sound for event: minecraft:entity.generic.small_fall
[04авг.2026 13:26:43.174] [Render thread/WARN] [gvc/]: Missing sound for event: minecraft:entity.generic.splash
[04авг.2026 13:26:43.174] [Render thread/WARN] [gvc/]: Missing sound for event: minecraft:entity.generic.swim
[04авг.2026 13:26:43.174] [Render thread/WARN] [gvc/]: Missing sound for event: minecraft:entity.ghast.ambient
[04авг.2026 13:26:43.174] [Render thread/WARN] [gvc/]: Missing sound for event: minecraft:entity.ghast.death
[04авг.2026 13:26:43.174] [Render thread/WARN] [gvc/]: Missing sound for event: minecraft:entity.ghast.hurt
[04авг.2026 13:26:43.174] [Render thread/WARN] [gvc/]: Missing sound for event: minecraft:entity.ghast.scream
[04авг.2026 13:26:43.174] [Render thread/WARN] [gvc/]: Missing sound for event: minecraft:entity.ghast.shoot
[04авг.2026 13:26:43.174] [Render thread/WARN] [gvc/]: Missing sound for event: minecraft:entity.ghast.warn
[04авг.2026 13:26:43.174] [Render thread/WARN] [gvc/]: Missing sound for event: minecraft:block.gilded_blackstone.break
[04авг.2026 13:26:43.174] [Render thread/WARN] [gvc/]: Missing sound for event: minecraft:block.gilded_blackstone.fall
[04авг.2026 13:26:43.174] [Render thread/WARN] [gvc/]: Missing sound for event: minecraft:block.gilded_blackstone.hit
[04авг.2026 13:26:43.174] [Render thread/WARN] [gvc/]: Missing sound for event: minecraft:block.gilded_blackstone.place
[04авг.2026 13:26:43.174] [Render thread/WARN] [gvc/]: Missing sound for event: minecraft:block.gilded_blackstone.step
[04авг.2026 13:26:43.174] [Render thread/WARN] [gvc/]: Missing sound for event: minecraft:block.glass.break
[04авг.2026 13:26:43.174] [Render thread/WARN] [gvc/]: Missing sound for event: minecraft:block.glass.fall
[04авг.2026 13:26:43.174] [Render thread/WARN] [gvc/]: Missing sound for event: minecraft:block.glass.hit
[04авг.2026 13:26:43.174] [Render thread/WARN] [gvc/]: Missing sound for event: minecraft:block.glass.place
[04авг.2026 13:26:43.174] [Render thread/WARN] [gvc/]: Missing sound for event: minecraft:block.glass.step
[04авг.2026 13:26:43.174] [Render thread/WARN] [gvc/]: Missing sound for event: minecraft:item.glow_ink_sac.use
[04авг.2026 13:26:43.174] [Render thread/WARN] [gvc/]: Missing sound for event: minecraft:entity.glow_item_frame.add_item
[04авг.2026 13:26:43.174] [Render thread/WARN] [gvc/]: Missing sound for event: minecraft:entity.glow_item_frame.break
[04авг.2026 13:26:43.174] [Render thread/WARN] [gvc/]: Missing sound for event: minecraft:entity.glow_item_frame.place
[04авг.2026 13:26:43.174] [Render thread/WARN] [gvc/]: Missing sound for event: minecraft:entity.glow_item_frame.remove_item
[04авг.2026 13:26:43.174] [Render thread/WARN] [gvc/]: Missing sound for event: minecraft:entity.glow_item_frame.rotate_item
[04авг.2026 13:26:43.174] [Render thread/WARN] [gvc/]: Missing sound for event: minecraft:entity.glow_squid.ambient
[04авг.2026 13:26:43.174] [Render thread/WARN] [gvc/]: Missing sound for event: minecraft:entity.glow_squid.death
[04авг.2026 13:26:43.174] [Render thread/WARN] [gvc/]: Missing sound for event: minecraft:entity.glow_squid.hurt
[04авг.2026 13:26:43.174] [Render thread/WARN] [gvc/]: Missing sound for event: minecraft:entity.glow_squid.squirt
[04авг.2026 13:26:43.174] [Render thread/WARN] [gvc/]: Missing sound for event: minecraft:entity.goat.ambient
[04авг.2026 13:26:43.174] [Render thread/WARN] [gvc/]: Missing sound for event: minecraft:entity.goat.death
[04авг.2026 13:26:43.174] [Render thread/WARN] [gvc/]: Missing sound for event: minecraft:entity.goat.eat
[04авг.2026 13:26:43.174] [Render thread/WARN] [gvc/]: Missing sound for event: minecraft:entity.goat.hurt
[04авг.2026 13:26:43.174] [Render thread/WARN] [gvc/]: Missing sound for event: minecraft:entity.goat.long_jump
[04авг.2026 13:26:43.174] [Render thread/WARN] [gvc/]: Missing sound for event: minecraft:entity.goat.milk
[04авг.2026 13:26:43.174] [Render thread/WARN] [gvc/]: Missing sound for event: minecraft:entity.goat.prepare_ram
[04авг.2026 13:26:43.174] [Render thread/WARN] [gvc/]: Missing sound for event: minecraft:entity.goat.ram_impact
[04авг.2026 13:26:43.175] [Render thread/WARN] [gvc/]: Missing sound for event: minecraft:entity.goat.horn_break
[04авг.2026 13:26:43.175] [Render thread/WARN] [gvc/]: Missing sound for event: minecraft:item.goat_horn.play
[04авг.2026 13:26:43.175] [Render thread/WARN] [gvc/]: Missing sound for event: minecraft:entity.goat.screaming.ambient
[04авг.2026 13:26:43.175] [Render thread/WARN] [gvc/]: Missing sound for event: minecraft:entity.goat.screaming.death
[04авг.2026 13:26:43.175] [Render thread/WARN] [gvc/]: Missing sound for event: minecraft:entity.goat.screaming.eat
[04авг.2026 13:26:43.175] [Render thread/WARN] [gvc/]: Missing sound for event: minecraft:entity.goat.screaming.hurt
[04авг.2026 13:26:43.175] [Render thread/WARN] [gvc/]: Missing sound for event: minecraft:entity.goat.screaming.long_jump
[04авг.2026 13:26:43.175] [Render thread/WARN] [gvc/]: Missing sound for event: minecraft:entity.goat.screaming.milk
[04авг.2026 13:26:43.175] [Render thread/WARN] [gvc/]: Missing sound for event: minecraft:entity.goat.screaming.prepare_ram
[04авг.2026 13:26:43.175] [Render thread/WARN] [gvc/]: Missing sound for event: minecraft:entity.goat.screaming.ram_impact
[04авг.2026 13:26:43.175] [Render thread/WARN] [gvc/]: Missing sound for event: minecraft:entity.goat.screaming.horn_break
[04авг.2026 13:26:43.175] [Render thread/WARN] [gvc/]: Missing sound for event: minecraft:entity.goat.step
[04авг.2026 13:26:43.175] [Render thread/WARN] [gvc/]: Missing sound for event: minecraft:block.grass.break
[04авг.2026 13:26:43.175] [Render thread/WARN] [gvc/]: Missing sound for event: minecraft:block.grass.fall
[04авг.2026 13:26:43.175] [Render thread/WARN] [gvc/]: Missing sound for event: minecraft:block.grass.hit
[04авг.2026 13:26:43.175] [Render thread/WARN] [gvc/]: Missing sound for event: minecraft:block.grass.place
[04авг.2026 13:26:43.175] [Render thread/WARN] [gvc/]: Missing sound for event: minecraft:block.grass.step
[04авг.2026 13:26:43.175] [Render thread/WARN] [gvc/]: Missing sound for event: minecraft:block.gravel.break
[04авг.2026 13:26:43.175] [Render thread/WARN] [gvc/]: Missing sound for event: minecraft:block.gravel.fall
[04авг.2026 13:26:43.175] [Render thread/WARN] [gvc/]: Missing sound for event: minecraft:block.gravel.hit
[04авг.2026 13:26:43.175] [Render thread/WARN] [gvc/]: Missing sound for event: minecraft:block.gravel.place
[04авг.2026 13:26:43.175] [Render thread/WARN] [gvc/]: Missing sound for event: minecraft:block.gravel.step
[04авг.2026 13:26:43.175] [Render thread/WARN] [gvc/]: Missing sound for event: minecraft:block.grindstone.use
[04авг.2026 13:26:43.175] [Render thread/WARN] [gvc/]: Missing sound for event: minecraft:block.growing_plant.crop
[04авг.2026 13:26:43.175] [Render thread/WARN] [gvc/]: Missing sound for event: minecraft:entity.guardian.ambient
[04авг.2026 13:26:43.175] [Render thread/WARN] [gvc/]: Missing sound for event: minecraft:entity.guardian.ambient_land
[04авг.2026 13:26:43.175] [Render thread/WARN] [gvc/]: Missing sound for event: minecraft:entity.guardian.attack
[04авг.2026 13:26:43.175] [Render thread/WARN] [gvc/]: Missing sound for event: minecraft:entity.guardian.death
[04авг.2026 13:26:43.175] [Render thread/WARN] [gvc/]: Missing sound for event: minecraft:entity.guardian.death_land
[04авг.2026 13:26:43.175] [Render thread/WARN] [gvc/]: Missing sound for event: minecraft:entity.guardian.flop
[04авг.2026 13:26:43.175] [Render thread/WARN] [gvc/]: Missing sound for event: minecraft:entity.guardian.hurt
[04авг.2026 13:26:43.175] [Render thread/WARN] [gvc/]: Missing sound for event: minecraft:entity.guardian.hurt_land
[04авг.2026 13:26:43.175] [Render thread/WARN] [gvc/]: Missing sound for event: minecraft:block.hanging_roots.break
[04авг.2026 13:26:43.175] [Render thread/WARN] [gvc/]: Missing sound for event: minecraft:block.hanging_roots.fall
[04авг.2026 13:26:43.175] [Render thread/WARN] [gvc/]: Missing sound for event: minecraft:block.hanging_roots.hit
[04авг.2026 13:26:43.175] [Render thread/WARN] [gvc/]: Missing sound for event: minecraft:block.hanging_roots.place
[04авг.2026 13:26:43.175] [Render thread/WARN] [gvc/]: Missing sound for event: minecraft:block.hanging_roots.step
[04авг.2026 13:26:43.175] [Render thread/WARN] [gvc/]: Missing sound for event: minecraft:block.hanging_sign.step
[04авг.2026 13:26:43.175] [Render thread/WARN] [gvc/]: Missing sound for event: minecraft:block.hanging_sign.break
[04авг.2026 13:26:43.176] [Render thread/WARN] [gvc/]: Missing sound for event: minecraft:block.hanging_sign.fall
[04авг.2026 13:26:43.176] [Render thread/WARN] [gvc/]: Missing sound for event: minecraft:block.hanging_sign.hit
[04авг.2026 13:26:43.176] [Render thread/WARN] [gvc/]: Missing sound for event: minecraft:block.hanging_sign.place
[04авг.2026 13:26:43.176] [Render thread/WARN] [gvc/]: Missing sound for event: minecraft:block.heavy_core.break
[04авг.2026 13:26:43.176] [Render thread/WARN] [gvc/]: Missing sound for event: minecraft:block.heavy_core.fall
[04авг.2026 13:26:43.176] [Render thread/WARN] [gvc/]: Missing sound for event: minecraft:block.heavy_core.hit
[04авг.2026 13:26:43.176] [Render thread/WARN] [gvc/]: Missing sound for event: minecraft:block.heavy_core.place
[04авг.2026 13:26:43.176] [Render thread/WARN] [gvc/]: Missing sound for event: minecraft:block.heavy_core.step
[04авг.2026 13:26:43.176] [Render thread/WARN] [gvc/]: Missing sound for event: minecraft:block.nether_wood_hanging_sign.step
[04авг.2026 13:26:43.176] [Render thread/WARN] [gvc/]: Missing sound for event: minecraft:block.nether_wood_hanging_sign.break
[04авг.2026 13:26:43.176] [Render thread/WARN] [gvc/]: Missing sound for event: minecraft:block.nether_wood_hanging_sign.fall
[04авг.2026 13:26:43.176] [Render thread/WARN] [gvc/]: Missing sound for event: minecraft:block.nether_wood_hanging_sign.hit
[04авг.2026 13:26:43.176] [Render thread/WARN] [gvc/]: Missing sound for event: minecraft:block.nether_wood_hanging_sign.place
[04авг.2026 13:26:43.176] [Render thread/WARN] [gvc/]: Missing sound for event: minecraft:block.bamboo_wood_hanging_sign.step
[04авг.2026 13:26:43.176] [Render thread/WARN] [gvc/]: Missing sound for event: minecraft:block.bamboo_wood_hanging_sign.break
[04авг.2026 13:26:43.176] [Render thread/WARN] [gvc/]: Missing sound for event: minecraft:block.bamboo_wood_hanging_sign.fall
[04авг.2026 13:26:43.176] [Render thread/WARN] [gvc/]: Missing sound for event: minecraft:block.bamboo_wood_hanging_sign.hit
[04авг.2026 13:26:43.176] [Render thread/WARN] [gvc/]: Missing sound for event: minecraft:block.bamboo_wood_hanging_sign.place
[04авг.2026 13:26:43.176] [Render thread/WARN] [gvc/]: Missing sound for event: minecraft:block.trial_spawner.break
[04авг.2026 13:26:43.176] [Render thread/WARN] [gvc/]: Missing sound for event: minecraft:block.trial_spawner.step
[04авг.2026 13:26:43.176] [Render thread/WARN] [gvc/]: Missing sound for event: minecraft:block.trial_spawner.place
[04авг.2026 13:26:43.176] [Render thread/WARN] [gvc/]: Missing sound for event: minecraft:block.trial_spawner.hit
[04авг.2026 13:26:43.176] [Render thread/WARN] [gvc/]: Missing sound for event: minecraft:block.trial_spawner.fall
[04авг.2026 13:26:43.176] [Render thread/WARN] [gvc/]: Missing sound for event: minecraft:block.trial_spawner.spawn_mob
[04авг.2026 13:26:43.176] [Render thread/WARN] [gvc/]: Missing sound for event: minecraft:block.trial_spawner.about_to_spawn_item
[04авг.2026 13:26:43.176] [Render thread/WARN] [gvc/]: Missing sound for event: minecraft:block.trial_spawner.spawn_item
[04авг.2026 13:26:43.176] [Render thread/WARN] [gvc/]: Missing sound for event: minecraft:block.trial_spawner.spawn_item_begin
[04авг.2026 13:26:43.176] [Render thread/WARN] [gvc/]: Missing sound for event: minecraft:block.trial_spawner.detect_player
[04авг.2026 13:26:43.176] [Render thread/WARN] [gvc/]: Missing sound for event: minecraft:block.trial_spawner.ominous_activate
[04авг.2026 13:26:43.176] [Render thread/WARN] [gvc/]: Missing sound for event: minecraft:block.trial_spawner.ambient
[04авг.2026 13:26:43.176] [Render thread/WARN] [gvc/]: Missing sound for event: minecraft:block.trial_spawner.ambient_ominous
[04авг.2026 13:26:43.176] [Render thread/WARN] [gvc/]: Missing sound for event: minecraft:block.trial_spawner.open_shutter
[04авг.2026 13:26:43.176] [Render thread/WARN] [gvc/]: Missing sound for event: minecraft:block.trial_spawner.close_shutter
[04авг.2026 13:26:43.176] [Render thread/WARN] [gvc/]: Missing sound for event: minecraft:block.trial_spawner.eject_item
[04авг.2026 13:26:43.176] [Render thread/WARN] [gvc/]: Missing sound for event: minecraft:item.hoe.till
[04авг.2026 13:26:43.176] [Render thread/WARN] [gvc/]: Missing sound for event: minecraft:entity.hoglin.ambient
[04авг.2026 13:26:43.176] [Render thread/WARN] [gvc/]: Missing sound for event: minecraft:entity.hoglin.angry
[04авг.2026 13:26:43.176] [Render thread/WARN] [gvc/]: Missing sound for event: minecraft:entity.hoglin.attack
[04авг.2026 13:26:43.176] [Render thread/WARN] [gvc/]: Missing sound for event: minecraft:entity.hoglin.converted_to_zombified
[04авг.2026 13:26:43.176] [Render thread/WARN] [gvc/]: Missing sound for event: minecraft:entity.hoglin.death
[04авг.2026 13:26:43.177] [Render thread/WARN] [gvc/]: Missing sound for event: minecraft:entity.hoglin.hurt
[04авг.2026 13:26:43.177] [Render thread/WARN] [gvc/]: Missing sound for event: minecraft:entity.hoglin.retreat
[04авг.2026 13:26:43.177] [Render thread/WARN] [gvc/]: Missing sound for event: minecraft:entity.hoglin.step
[04авг.2026 13:26:43.177] [Render thread/WARN] [gvc/]: Missing sound for event: minecraft:block.honey_block.break
[04авг.2026 13:26:43.177] [Render thread/WARN] [gvc/]: Missing sound for event: minecraft:block.honey_block.fall
[04авг.2026 13:26:43.177] [Render thread/WARN] [gvc/]: Missing sound for event: minecraft:block.honey_block.hit
[04авг.2026 13:26:43.177] [Render thread/WARN] [gvc/]: Missing sound for event: minecraft:block.honey_block.place
[04авг.2026 13:26:43.177] [Render thread/WARN] [gvc/]: Missing sound for event: minecraft:block.honey_block.slide
[04авг.2026 13:26:43.177] [Render thread/WARN] [gvc/]: Missing sound for event: minecraft:block.honey_block.step
[04авг.2026 13:26:43.177] [Render thread/WARN] [gvc/]: Missing sound for event: minecraft:item.honeycomb.wax_on
[04авг.2026 13:26:43.177] [Render thread/WARN] [gvc/]: Missing sound for event: minecraft:item.honey_bottle.drink
[04авг.2026 13:26:43.177] [Render thread/WARN] [gvc/]: Missing sound for event: minecraft:item.goat_horn.sound.0
[04авг.2026 13:26:43.177] [Render thread/WARN] [gvc/]: Missing sound for event: minecraft:item.goat_horn.sound.1
[04авг.2026 13:26:43.177] [Render thread/WARN] [gvc/]: Missing sound for event: minecraft:item.goat_horn.sound.2
[04авг.2026 13:26:43.177] [Render thread/WARN] [gvc/]: Missing sound for event: minecraft:item.goat_horn.sound.3
[04авг.2026 13:26:43.177] [Render thread/WARN] [gvc/]: Missing sound for event: minecraft:item.goat_horn.sound.4
[04авг.2026 13:26:43.177] [Render thread/WARN] [gvc/]: Missing sound for event: minecraft:item.goat_horn.sound.5
[04авг.2026 13:26:43.177] [Render thread/WARN] [gvc/]: Missing sound for event: minecraft:item.goat_horn.sound.6
[04авг.2026 13:26:43.177] [Render thread/WARN] [gvc/]: Missing sound for event: minecraft:item.goat_horn.sound.7
[04авг.2026 13:26:43.177] [Render thread/WARN] [gvc/]: Missing sound for event: minecraft:entity.horse.ambient
[04авг.2026 13:26:43.177] [Render thread/WARN] [gvc/]: Missing sound for event: minecraft:entity.horse.angry
[04авг.2026 13:26:43.177] [Render thread/WARN] [gvc/]: Missing sound for event: minecraft:entity.horse.armor
[04авг.2026 13:26:43.177] [Render thread/WARN] [gvc/]: Missing sound for event: minecraft:entity.horse.breathe
[04авг.2026 13:26:43.177] [Render thread/WARN] [gvc/]: Missing sound for event: minecraft:entity.horse.death
[04авг.2026 13:26:43.177] [Render thread/WARN] [gvc/]: Missing sound for event: minecraft:entity.horse.eat
[04авг.2026 13:26:43.177] [Render thread/WARN] [gvc/]: Missing sound for event: minecraft:entity.horse.gallop
[04авг.2026 13:26:43.177] [Render thread/WARN] [gvc/]: Missing sound for event: minecraft:entity.horse.hurt
[04авг.2026 13:26:43.177] [Render thread/WARN] [gvc/]: Missing sound for event: minecraft:entity.horse.jump
[04авг.2026 13:26:43.177] [Render thread/WARN] [gvc/]: Missing sound for event: minecraft:entity.horse.land
[04авг.2026 13:26:43.177] [Render thread/WARN] [gvc/]: Missing sound for event: minecraft:entity.horse.saddle
[04авг.2026 13:26:43.177] [Render thread/WARN] [gvc/]: Missing sound for event: minecraft:entity.horse.step
[04авг.2026 13:26:43.177] [Render thread/WARN] [gvc/]: Missing sound for event: minecraft:entity.horse.step_wood
[04авг.2026 13:26:43.177] [Render thread/WARN] [gvc/]: Missing sound for event: minecraft:entity.hostile.big_fall
[04авг.2026 13:26:43.177] [Render thread/WARN] [gvc/]: Missing sound for event: minecraft:entity.hostile.death
[04авг.2026 13:26:43.177] [Render thread/WARN] [gvc/]: Missing sound for event: minecraft:entity.hostile.hurt
[04авг.2026 13:26:43.178] [Render thread/WARN] [gvc/]: Missing sound for event: minecraft:entity.hostile.small_fall
[04авг.2026 13:26:43.178] [Render thread/WARN] [gvc/]: Missing sound for event: minecraft:entity.hostile.splash
[04авг.2026 13:26:43.178] [Render thread/WARN] [gvc/]: Missing sound for event: minecraft:entity.hostile.swim
[04авг.2026 13:26:43.178] [Render thread/WARN] [gvc/]: Missing sound for event: minecraft:entity.husk.ambient
[04авг.2026 13:26:43.178] [Render thread/WARN] [gvc/]: Missing sound for event: minecraft:entity.husk.converted_to_zombie
[04авг.2026 13:26:43.178] [Render thread/WARN] [gvc/]: Missing sound for event: minecraft:entity.husk.death
[04авг.2026 13:26:43.178] [Render thread/WARN] [gvc/]: Missing sound for event: minecraft:entity.husk.hurt
[04авг.2026 13:26:43.178] [Render thread/WARN] [gvc/]: Missing sound for event: minecraft:entity.husk.step
[04авг.2026 13:26:43.178] [Render thread/WARN] [gvc/]: Missing sound for event: minecraft:entity.illusioner.ambient
[04авг.2026 13:26:43.178] [Render thread/WARN] [gvc/]: Missing sound for event: minecraft:entity.illusioner.cast_spell
[04авг.2026 13:26:43.178] [Render thread/WARN] [gvc/]: Missing sound for event: minecraft:entity.illusioner.death
[04авг.2026 13:26:43.178] [Render thread/WARN] [gvc/]: Missing sound for event: minecraft:entity.illusioner.hurt
[04авг.2026 13:26:43.178] [Render thread/WARN] [gvc/]: Missing sound for event: minecraft:entity.illusioner.mirror_move
[04авг.2026 13:26:43.178] [Render thread/WARN] [gvc/]: Missing sound for event: minecraft:entity.illusioner.prepare_blindness
[04авг.2026 13:26:43.178] [Render thread/WARN] [gvc/]: Missing sound for event: minecraft:entity.illusioner.prepare_mirror
[04авг.2026 13:26:43.178] [Render thread/WARN] [gvc/]: Missing sound for event: minecraft:item.ink_sac.use
[04авг.2026 13:26:43.178] [Render thread/WARN] [gvc/]: Missing sound for event: minecraft:block.iron_door.close
[04авг.2026 13:26:43.178] [Render thread/WARN] [gvc/]: Missing sound for event: minecraft:block.iron_door.open
[04авг.2026 13:26:43.178] [Render thread/WARN] [gvc/]: Missing sound for event: minecraft:entity.iron_golem.attack
[04авг.2026 13:26:43.178] [Render thread/WARN] [gvc/]: Missing sound for event: minecraft:entity.iron_golem.damage
[04авг.2026 13:26:43.178] [Render thread/WARN] [gvc/]: Missing sound for event: minecraft:entity.iron_golem.death
[04авг.2026 13:26:43.178] [Render thread/WARN] [gvc/]: Missing sound for event: minecraft:entity.iron_golem.hurt
[04авг.2026 13:26:43.178] [Render thread/WARN] [gvc/]: Missing sound for event: minecraft:entity.iron_golem.repair
[04авг.2026 13:26:43.178] [Render thread/WARN] [gvc/]: Missing sound for event: minecraft:entity.iron_golem.step
[04авг.2026 13:26:43.178] [Render thread/WARN] [gvc/]: Missing sound for event: minecraft:block.iron_trapdoor.close
[04авг.2026 13:26:43.178] [Render thread/WARN] [gvc/]: Missing sound for event: minecraft:block.iron_trapdoor.open
[04авг.2026 13:26:43.178] [Render thread/WARN] [gvc/]: Missing sound for event: minecraft:entity.item_frame.add_item
[04авг.2026 13:26:43.178] [Render thread/WARN] [gvc/]: Missing sound for event: minecraft:entity.item_frame.break
[04авг.2026 13:26:43.178] [Render thread/WARN] [gvc/]: Missing sound for event: minecraft:entity.item_frame.place
[04авг.2026 13:26:43.178] [Render thread/WARN] [gvc/]: Missing sound for event: minecraft:entity.item_frame.remove_item
[04авг.2026 13:26:43.178] [Render thread/WARN] [gvc/]: Missing sound for event: minecraft:entity.item_frame.rotate_item
[04авг.2026 13:26:43.178] [Render thread/WARN] [gvc/]: Missing sound for event: minecraft:entity.item.break
[04авг.2026 13:26:43.178] [Render thread/WARN] [gvc/]: Missing sound for event: minecraft:entity.item.pickup
[04авг.2026 13:26:43.178] [Render thread/WARN] [gvc/]: Missing sound for event: minecraft:block.ladder.break
[04авг.2026 13:26:43.178] [Render thread/WARN] [gvc/]: Missing sound for event: minecraft:block.ladder.fall
[04авг.2026 13:26:43.178] [Render thread/WARN] [gvc/]: Missing sound for event: minecraft:block.ladder.hit
[04авг.2026 13:26:43.178] [Render thread/WARN] [gvc/]: Missing sound for event: minecraft:block.ladder.place
[04авг.2026 13:26:43.178] [Render thread/WARN] [gvc/]: Missing sound for event: minecraft:block.ladder.step
[04авг.2026 13:26:43.179] [Render thread/WARN] [gvc/]: Missing sound for event: minecraft:block.lantern.break
[04авг.2026 13:26:43.179] [Render thread/WARN] [gvc/]: Missing sound for event: minecraft:block.lantern.fall
[04авг.2026 13:26:43.179] [Render thread/WARN] [gvc/]: Missing sound for event: minecraft:block.lantern.hit
[04авг.2026 13:26:43.179] [Render thread/WARN] [gvc/]: Missing sound for event: minecraft:block.lantern.place
[04авг.2026 13:26:43.179] [Render thread/WARN] [gvc/]: Missing sound for event: minecraft:block.lantern.step
[04авг.2026 13:26:43.179] [Render thread/WARN] [gvc/]: Missing sound for event: minecraft:block.large_amethyst_bud.break
[04авг.2026 13:26:43.179] [Render thread/WARN] [gvc/]: Missing sound for event: minecraft:block.large_amethyst_bud.place
[04авг.2026 13:26:43.179] [Render thread/WARN] [gvc/]: Missing sound for event: minecraft:block.lava.ambient
[04авг.2026 13:26:43.179] [Render thread/WARN] [gvc/]: Missing sound for event: minecraft:block.lava.extinguish
[04авг.2026 13:26:43.179] [Render thread/WARN] [gvc/]: Missing sound for event: minecraft:block.lava.pop
[04авг.2026 13:26:43.179] [Render thread/WARN] [gvc/]: Missing sound for event: minecraft:entity.leash_knot.break
[04авг.2026 13:26:43.179] [Render thread/WARN] [gvc/]: Missing sound for event: minecraft:entity.leash_knot.place
[04авг.2026 13:26:43.179] [Render thread/WARN] [gvc/]: Missing sound for event: minecraft:block.lever.click
[04авг.2026 13:26:43.179] [Render thread/WARN] [gvc/]: Missing sound for event: minecraft:entity.lightning_bolt.impact
[04авг.2026 13:26:43.179] [Render thread/WARN] [gvc/]: Missing sound for event: minecraft:entity.lightning_bolt.thunder
[04авг.2026 13:26:43.179] [Render thread/WARN] [gvc/]: Missing sound for event: minecraft:entity.lingering_potion.throw
[04авг.2026 13:26:43.179] [Render thread/WARN] [gvc/]: Missing sound for event: minecraft:entity.llama.ambient
[04авг.2026 13:26:43.179] [Render thread/WARN] [gvc/]: Missing sound for event: minecraft:entity.llama.angry
[04авг.2026 13:26:43.179] [Render thread/WARN] [gvc/]: Missing sound for event: minecraft:entity.llama.chest
[04авг.2026 13:26:43.179] [Render thread/WARN] [gvc/]: Missing sound for event: minecraft:entity.llama.death
[04авг.2026 13:26:43.179] [Render thread/WARN] [gvc/]: Missing sound for event: minecraft:entity.llama.eat
[04авг.2026 13:26:43.179] [Render thread/WARN] [gvc/]: Missing sound for event: minecraft:entity.llama.hurt
[04авг.2026 13:26:43.179] [Render thread/WARN] [gvc/]: Missing sound for event: minecraft:entity.llama.spit
[04авг.2026 13:26:43.179] [Render thread/WARN] [gvc/]: Missing sound for event: minecraft:entity.llama.step
[04авг.2026 13:26:43.179] [Render thread/WARN] [gvc/]: Missing sound for event: minecraft:entity.llama.swag
[04авг.2026 13:26:43.179] [Render thread/WARN] [gvc/]: Missing sound for event: minecraft:entity.magma_cube.death_small
[04авг.2026 13:26:43.179] [Render thread/WARN] [gvc/]: Missing sound for event: minecraft:block.lodestone.break
[04авг.2026 13:26:43.179] [Render thread/WARN] [gvc/]: Missing sound for event: minecraft:block.lodestone.step
[04авг.2026 13:26:43.179] [Render thread/WARN] [gvc/]: Missing sound for event: minecraft:block.lodestone.place
[04авг.2026 13:26:43.179] [Render thread/WARN] [gvc/]: Missing sound for event: minecraft:block.lodestone.hit
[04авг.2026 13:26:43.179] [Render thread/WARN] [gvc/]: Missing sound for event: minecraft:block.lodestone.fall
[04авг.2026 13:26:43.179] [Render thread/WARN] [gvc/]: Missing sound for event: minecraft:item.lodestone_compass.lock
[04авг.2026 13:26:43.179] [Render thread/WARN] [gvc/]: Missing sound for event: minecraft:item.mace.smash_air
[04авг.2026 13:26:43.179] [Render thread/WARN] [gvc/]: Missing sound for event: minecraft:item.mace.smash_ground
[04авг.2026 13:26:43.179] [Render thread/WARN] [gvc/]: Missing sound for event: minecraft:item.mace.smash_ground_heavy
[04авг.2026 13:26:43.179] [Render thread/WARN] [gvc/]: Missing sound for event: minecraft:entity.magma_cube.death
[04авг.2026 13:26:43.179] [Render thread/WARN] [gvc/]: Missing sound for event: minecraft:entity.magma_cube.hurt
[04авг.2026 13:26:43.179] [Render thread/WARN] [gvc/]: Missing sound for event: minecraft:entity.magma_cube.hurt_small
[04авг.2026 13:26:43.179] [Render thread/WARN] [gvc/]: Missing sound for event: minecraft:entity.magma_cube.jump
[04авг.2026 13:26:43.180] [Render thread/WARN] [gvc/]: Missing sound for event: minecraft:entity.magma_cube.squish
[04авг.2026 13:26:43.180] [Render thread/WARN] [gvc/]: Missing sound for event: minecraft:entity.magma_cube.squish_small
[04авг.2026 13:26:43.180] [Render thread/WARN] [gvc/]: Missing sound for event: minecraft:block.mangrove_roots.break
[04авг.2026 13:26:43.180] [Render thread/WARN] [gvc/]: Missing sound for event: minecraft:block.mangrove_roots.fall
[04авг.2026 13:26:43.180] [Render thread/WARN] [gvc/]: Missing sound for event: minecraft:block.mangrove_roots.hit
[04авг.2026 13:26:43.180] [Render thread/WARN] [gvc/]: Missing sound for event: minecraft:block.mangrove_roots.place
[04авг.2026 13:26:43.180] [Render thread/WARN] [gvc/]: Missing sound for event: minecraft:block.mangrove_roots.step
[04авг.2026 13:26:43.180] [Render thread/WARN] [gvc/]: Missing sound for event: minecraft:block.medium_amethyst_bud.break
[04авг.2026 13:26:43.180] [Render thread/WARN] [gvc/]: Missing sound for event: minecraft:block.medium_amethyst_bud.place
[04авг.2026 13:26:43.180] [Render thread/WARN] [gvc/]: Missing sound for event: minecraft:block.metal.break
[04авг.2026 13:26:43.180] [Render thread/WARN] [gvc/]: Missing sound for event: minecraft:block.metal.fall
[04авг.2026 13:26:43.180] [Render thread/WARN] [gvc/]: Missing sound for event: minecraft:block.metal.hit
[04авг.2026 13:26:43.180] [Render thread/WARN] [gvc/]: Missing sound for event: minecraft:block.metal.place
[04авг.2026 13:26:43.180] [Render thread/WARN] [gvc/]: Missing sound for event: minecraft:block.metal_pressure_plate.click_off
[04авг.2026 13:26:43.180] [Render thread/WARN] [gvc/]: Missing sound for event: minecraft:block.metal_pressure_plate.click_on
[04авг.2026 13:26:43.180] [Render thread/WARN] [gvc/]: Missing sound for event: minecraft:block.metal.step
[04авг.2026 13:26:43.180] [Render thread/WARN] [gvc/]: Missing sound for event: minecraft:entity.minecart.inside.underwater
[04авг.2026 13:26:43.180] [Render thread/WARN] [gvc/]: Missing sound for event: minecraft:entity.minecart.inside
[04авг.2026 13:26:43.180] [Render thread/WARN] [gvc/]: Missing sound for event: minecraft:entity.minecart.riding
[04авг.2026 13:26:43.180] [Render thread/WARN] [gvc/]: Missing sound for event: minecraft:entity.mooshroom.convert
[04авг.2026 13:26:43.180] [Render thread/WARN] [gvc/]: Missing sound for event: minecraft:entity.mooshroom.eat
[04авг.2026 13:26:43.180] [Render thread/WARN] [gvc/]: Missing sound for event: minecraft:entity.mooshroom.milk
[04авг.2026 13:26:43.180] [Render thread/WARN] [gvc/]: Missing sound for event: minecraft:entity.mooshroom.suspicious_milk
[04авг.2026 13:26:43.180] [Render thread/WARN] [gvc/]: Missing sound for event: minecraft:entity.mooshroom.shear
[04авг.2026 13:26:43.180] [Render thread/WARN] [gvc/]: Missing sound for event: minecraft:block.moss_carpet.break
[04авг.2026 13:26:43.180] [Render thread/WARN] [gvc/]: Missing sound for event: minecraft:block.moss_carpet.fall
[04авг.2026 13:26:43.180] [Render thread/WARN] [gvc/]: Missing sound for event: minecraft:block.moss_carpet.hit
[04авг.2026 13:26:43.180] [Render thread/WARN] [gvc/]: Missing sound for event: minecraft:block.moss_carpet.place
[04авг.2026 13:26:43.180] [Render thread/WARN] [gvc/]: Missing sound for event: minecraft:block.moss_carpet.step
[04авг.2026 13:26:43.180] [Render thread/WARN] [gvc/]: Missing sound for event: minecraft:block.pink_petals.break
[04авг.2026 13:26:43.180] [Render thread/WARN] [gvc/]: Missing sound for event: minecraft:block.pink_petals.fall
[04авг.2026 13:26:43.180] [Render thread/WARN] [gvc/]: Missing sound for event: minecraft:block.pink_petals.hit
[04авг.2026 13:26:43.180] [Render thread/WARN] [gvc/]: Missing sound for event: minecraft:block.pink_petals.place
[04авг.2026 13:26:43.180] [Render thread/WARN] [gvc/]: Missing sound for event: minecraft:block.pink_petals.step
[04авг.2026 13:26:43.180] [Render thread/WARN] [gvc/]: Missing sound for event: minecraft:block.moss.break
[04авг.2026 13:26:43.180] [Render thread/WARN] [gvc/]: Missing sound for event: minecraft:block.moss.fall
[04авг.2026 13:26:43.180] [Render thread/WARN] [gvc/]: Missing sound for event: minecraft:block.moss.hit
[04авг.2026 13:26:43.180] [Render thread/WARN] [gvc/]: Missing sound for event: minecraft:block.moss.place
[04авг.2026 13:26:43.180] [Render thread/WARN] [gvc/]: Missing sound for event: minecraft:block.moss.step
[04авг.2026 13:26:43.181] [Render thread/WARN] [gvc/]: Missing sound for event: minecraft:block.mud.break
[04авг.2026 13:26:43.181] [Render thread/WARN] [gvc/]: Missing sound for event: minecraft:block.mud.fall
[04авг.2026 13:26:43.181] [Render thread/WARN] [gvc/]: Missing sound for event: minecraft:block.mud.hit
[04авг.2026 13:26:43.181] [Render thread/WARN] [gvc/]: Missing sound for event: minecraft:block.mud.place
[04авг.2026 13:26:43.181] [Render thread/WARN] [gvc/]: Missing sound for event: minecraft:block.mud.step
[04авг.2026 13:26:43.181] [Render thread/WARN] [gvc/]: Missing sound for event: minecraft:block.mud_bricks.break
[04авг.2026 13:26:43.181] [Render thread/WARN] [gvc/]: Missing sound for event: minecraft:block.mud_bricks.fall
[04авг.2026 13:26:43.181] [Render thread/WARN] [gvc/]: Missing sound for event: minecraft:block.mud_bricks.hit
[04авг.2026 13:26:43.181] [Render thread/WARN] [gvc/]: Missing sound for event: minecraft:block.mud_bricks.place
[04авг.2026 13:26:43.181] [Render thread/WARN] [gvc/]: Missing sound for event: minecraft:block.mud_bricks.step
[04авг.2026 13:26:43.181] [Render thread/WARN] [gvc/]: Missing sound for event: minecraft:block.muddy_mangrove_roots.break
[04авг.2026 13:26:43.181] [Render thread/WARN] [gvc/]: Missing sound for event: minecraft:block.muddy_mangrove_roots.fall
[04авг.2026 13:26:43.181] [Render thread/WARN] [gvc/]: Missing sound for event: minecraft:block.muddy_mangrove_roots.hit
[04авг.2026 13:26:43.181] [Render thread/WARN] [gvc/]: Missing sound for event: minecraft:block.muddy_mangrove_roots.place
[04авг.2026 13:26:43.181] [Render thread/WARN] [gvc/]: Missing sound for event: minecraft:block.muddy_mangrove_roots.step
[04авг.2026 13:26:43.181] [Render thread/WARN] [gvc/]: Missing sound for event: minecraft:entity.mule.ambient
[04авг.2026 13:26:43.181] [Render thread/WARN] [gvc/]: Missing sound for event: minecraft:entity.mule.angry
[04авг.2026 13:26:43.181] [Render thread/WARN] [gvc/]: Missing sound for event: minecraft:entity.mule.chest
[04авг.2026 13:26:43.181] [Render thread/WARN] [gvc/]: Missing sound for event: minecraft:entity.mule.death
[04авг.2026 13:26:43.181] [Render thread/WARN] [gvc/]: Missing sound for event: minecraft:entity.mule.eat
[04авг.2026 13:26:43.181] [Render thread/WARN] [gvc/]: Missing sound for event: minecraft:entity.mule.hurt
[04авг.2026 13:26:43.181] [Render thread/WARN] [gvc/]: Missing sound for event: minecraft:entity.mule.jump
[04авг.2026 13:26:43.181] [Render thread/WARN] [gvc/]: Missing sound for event: minecraft:music.creative
[04авг.2026 13:26:43.181] [Render thread/WARN] [gvc/]: Missing sound for event: minecraft:music.credits
[04авг.2026 13:26:43.181] [Render thread/WARN] [gvc/]: Missing sound for event: minecraft:music_disc.5
[04авг.2026 13:26:43.181] [Render thread/WARN] [gvc/]: Missing sound for event: minecraft:music_disc.11
[04авг.2026 13:26:43.181] [Render thread/WARN] [gvc/]: Missing sound for event: minecraft:music_disc.13
[04авг.2026 13:26:43.181] [Render thread/WARN] [gvc/]: Missing sound for event: minecraft:music_disc.blocks
[04авг.2026 13:26:43.181] [Render thread/WARN] [gvc/]: Missing sound for event: minecraft:music_disc.cat
[04авг.2026 13:26:43.181] [Render thread/WARN] [gvc/]: Missing sound for event: minecraft:music_disc.chirp
[04авг.2026 13:26:43.181] [Render thread/WARN] [gvc/]: Missing sound for event: minecraft:music_disc.far
[04авг.2026 13:26:43.181] [Render thread/WARN] [gvc/]: Missing sound for event: minecraft:music_disc.mall
[04авг.2026 13:26:43.181] [Render thread/WARN] [gvc/]: Missing sound for event: minecraft:music_disc.mellohi
[04авг.2026 13:26:43.181] [Render thread/WARN] [gvc/]: Missing sound for event: minecraft:music_disc.pigstep
[04авг.2026 13:26:43.181] [Render thread/WARN] [gvc/]: Missing sound for event: minecraft:music_disc.stal
[04авг.2026 13:26:43.181] [Render thread/WARN] [gvc/]: Missing sound for event: minecraft:music_disc.strad
[04авг.2026 13:26:43.181] [Render thread/WARN] [gvc/]: Missing sound for event: minecraft:music_disc.wait
[04авг.2026 13:26:43.181] [Render thread/WARN] [gvc/]: Missing sound for event: minecraft:music_disc.ward
[04авг.2026 13:26:43.182] [Render thread/WARN] [gvc/]: Missing sound for event: minecraft:music_disc.otherside
[04авг.2026 13:26:43.182] [Render thread/WARN] [gvc/]: Missing sound for event: minecraft:music_disc.relic
[04авг.2026 13:26:43.182] [Render thread/WARN] [gvc/]: Missing sound for event: minecraft:music_disc.creator
[04авг.2026 13:26:43.182] [Render thread/WARN] [gvc/]: Missing sound for event: minecraft:music_disc.creator_music_box
[04авг.2026 13:26:43.182] [Render thread/WARN] [gvc/]: Missing sound for event: minecraft:music_disc.precipice
[04авг.2026 13:26:43.182] [Render thread/WARN] [gvc/]: Missing sound for event: minecraft:music.dragon
[04авг.2026 13:26:43.182] [Render thread/WARN] [gvc/]: Missing sound for event: minecraft:music.end
[04авг.2026 13:26:43.182] [Render thread/WARN] [gvc/]: Missing sound for event: minecraft:music.game
[04авг.2026 13:26:43.182] [Render thread/WARN] [gvc/]: Missing sound for event: minecraft:music.menu
[04авг.2026 13:26:43.182] [Render thread/WARN] [gvc/]: Missing sound for event: minecraft:music.nether.basalt_deltas
[04авг.2026 13:26:43.182] [Render thread/WARN] [gvc/]: Missing sound for event: minecraft:music.nether.crimson_forest
[04авг.2026 13:26:43.182] [Render thread/WARN] [gvc/]: Missing sound for event: minecraft:music.overworld.deep_dark
[04авг.2026 13:26:43.182] [Render thread/WARN] [gvc/]: Missing sound for event: minecraft:music.overworld.dripstone_caves
[04авг.2026 13:26:43.182] [Render thread/WARN] [gvc/]: Missing sound for event: minecraft:music.overworld.grove
[04авг.2026 13:26:43.182] [Render thread/WARN] [gvc/]: Missing sound for event: minecraft:music.overworld.jagged_peaks
[04авг.2026 13:26:43.182] [Render thread/WARN] [gvc/]: Missing sound for event: minecraft:music.overworld.lush_caves
[04авг.2026 13:26:43.182] [Render thread/WARN] [gvc/]: Missing sound for event: minecraft:music.overworld.swamp
[04авг.2026 13:26:43.182] [Render thread/WARN] [gvc/]: Missing sound for event: minecraft:music.overworld.forest
[04авг.2026 13:26:43.182] [Render thread/WARN] [gvc/]: Missing sound for event: minecraft:music.overworld.old_growth_taiga
[04авг.2026 13:26:43.182] [Render thread/WARN] [gvc/]: Missing sound for event: minecraft:music.overworld.meadow
[04авг.2026 13:26:43.182] [Render thread/WARN] [gvc/]: Missing sound for event: minecraft:music.overworld.cherry_grove
[04авг.2026 13:26:43.182] [Render thread/WARN] [gvc/]: Missing sound for event: minecraft:music.nether.nether_wastes
[04авг.2026 13:26:43.182] [Render thread/WARN] [gvc/]: Missing sound for event: minecraft:music.overworld.frozen_peaks
[04авг.2026 13:26:43.182] [Render thread/WARN] [gvc/]: Missing sound for event: minecraft:music.overworld.snowy_slopes
[04авг.2026 13:26:43.182] [Render thread/WARN] [gvc/]: Missing sound for event: minecraft:music.nether.soul_sand_valley
[04авг.2026 13:26:43.182] [Render thread/WARN] [gvc/]: Missing sound for event: minecraft:music.overworld.stony_peaks
[04авг.2026 13:26:43.182] [Render thread/WARN] [gvc/]: Missing sound for event: minecraft:music.nether.warped_forest
[04авг.2026 13:26:43.182] [Render thread/WARN] [gvc/]: Missing sound for event: minecraft:music.overworld.flower_forest
[04авг.2026 13:26:43.182] [Render thread/WARN] [gvc/]: Missing sound for event: minecraft:music.overworld.desert
[04авг.2026 13:26:43.182] [Render thread/WARN] [gvc/]: Missing sound for event: minecraft:music.overworld.badlands
[04авг.2026 13:26:43.182] [Render thread/WARN] [gvc/]: Missing sound for event: minecraft:music.overworld.jungle
[04авг.2026 13:26:43.182] [Render thread/WARN] [gvc/]: Missing sound for event: minecraft:music.overworld.sparse_jungle
[04авг.2026 13:26:43.182] [Render thread/WARN] [gvc/]: Missing sound for event: minecraft:music.overworld.bamboo_jungle
[04авг.2026 13:26:43.183] [Render thread/WARN] [gvc/]: Missing sound for event: minecraft:music.under_water
[04авг.2026 13:26:43.183] [Render thread/WARN] [gvc/]: Missing sound for event: minecraft:block.nether_bricks.break
[04авг.2026 13:26:43.183] [Render thread/WARN] [gvc/]: Missing sound for event: minecraft:block.nether_bricks.step
[04авг.2026 13:26:43.183] [Render thread/WARN] [gvc/]: Missing sound for event: minecraft:block.nether_bricks.place
[04авг.2026 13:26:43.183] [Render thread/WARN] [gvc/]: Missing sound for event: minecraft:block.nether_bricks.hit
[04авг.2026 13:26:43.183] [Render thread/WARN] [gvc/]: Missing sound for event: minecraft:block.nether_bricks.fall
[04авг.2026 13:26:43.183] [Render thread/WARN] [gvc/]: Missing sound for event: minecraft:block.nether_wart.break
[04авг.2026 13:26:43.183] [Render thread/WARN] [gvc/]: Missing sound for event: minecraft:item.nether_wart.plant
[04авг.2026 13:26:43.183] [Render thread/WARN] [gvc/]: Missing sound for event: minecraft:block.nether_wood.break
[04авг.2026 13:26:43.183] [Render thread/WARN] [gvc/]: Missing sound for event: minecraft:block.nether_wood.fall
[04авг.2026 13:26:43.183] [Render thread/WARN] [gvc/]: Missing sound for event: minecraft:block.nether_wood.hit
[04авг.2026 13:26:43.183] [Render thread/WARN] [gvc/]: Missing sound for event: minecraft:block.nether_wood.place
[04авг.2026 13:26:43.183] [Render thread/WARN] [gvc/]: Missing sound for event: minecraft:block.nether_wood.step
[04авг.2026 13:26:43.183] [Render thread/WARN] [gvc/]: Missing sound for event: minecraft:block.nether_wood_door.close
[04авг.2026 13:26:43.183] [Render thread/WARN] [gvc/]: Missing sound for event: minecraft:block.nether_wood_door.open
[04авг.2026 13:26:43.183] [Render thread/WARN] [gvc/]: Missing sound for event: minecraft:block.nether_wood_trapdoor.close
[04авг.2026 13:26:43.183] [Render thread/WARN] [gvc/]: Missing sound for event: minecraft:block.nether_wood_trapdoor.open
[04авг.2026 13:26:43.183] [Render thread/WARN] [gvc/]: Missing sound for event: minecraft:block.nether_wood_button.click_off
[04авг.2026 13:26:43.183] [Render thread/WARN] [gvc/]: Missing sound for event: minecraft:block.nether_wood_button.click_on
[04авг.2026 13:26:43.183] [Render thread/WARN] [gvc/]: Missing sound for event: minecraft:block.nether_wood_pressure_plate.click_off
[04авг.2026 13:26:43.183] [Render thread/WARN] [gvc/]: Missing sound for event: minecraft:block.nether_wood_pressure_plate.click_on
[04авг.2026 13:26:43.183] [Render thread/WARN] [gvc/]: Missing sound for event: minecraft:block.nether_wood_fence_gate.close
[04авг.2026 13:26:43.183] [Render thread/WARN] [gvc/]: Missing sound for event: minecraft:block.nether_wood_fence_gate.open
[04авг.2026 13:26:43.183] [Render thread/WARN] [gvc/]: Missing sound for event: minecraft:block.packed_mud.break
[04авг.2026 13:26:43.183] [Render thread/WARN] [gvc/]: Missing sound for event: minecraft:block.packed_mud.fall
[04авг.2026 13:26:43.183] [Render thread/WARN] [gvc/]: Missing sound for event: minecraft:block.packed_mud.hit
[04авг.2026 13:26:43.183] [Render thread/WARN] [gvc/]: Missing sound for event: minecraft:block.packed_mud.place
[04авг.2026 13:26:43.183] [Render thread/WARN] [gvc/]: Missing sound for event: minecraft:block.packed_mud.step
[04авг.2026 13:26:43.183] [Render thread/WARN] [gvc/]: Missing sound for event: minecraft:block.stem.break
[04авг.2026 13:26:43.183] [Render thread/WARN] [gvc/]: Missing sound for event: minecraft:block.stem.step
[04авг.2026 13:26:43.183] [Render thread/WARN] [gvc/]: Missing sound for event: minecraft:block.stem.place
[04авг.2026 13:26:43.183] [Render thread/WARN] [gvc/]: Missing sound for event: minecraft:block.stem.hit
[04авг.2026 13:26:43.183] [Render thread/WARN] [gvc/]: Missing sound for event: minecraft:block.stem.fall
[04авг.2026 13:26:43.183] [Render thread/WARN] [gvc/]: Missing sound for event: minecraft:block.nylium.break
[04авг.2026 13:26:43.183] [Render thread/WARN] [gvc/]: Missing sound for event: minecraft:block.nylium.step
[04авг.2026 13:26:43.183] [Render thread/WARN] [gvc/]: Missing sound for event: minecraft:block.nylium.place
[04авг.2026 13:26:43.183] [Render thread/WARN] [gvc/]: Missing sound for event: minecraft:block.nylium.hit
[04авг.2026 13:26:43.184] [Render thread/WARN] [gvc/]: Missing sound for event: minecraft:block.nylium.fall
[04авг.2026 13:26:43.184] [Render thread/WARN] [gvc/]: Missing sound for event: minecraft:block.nether_sprouts.break
[04авг.2026 13:26:43.184] [Render thread/WARN] [gvc/]: Missing sound for event: minecraft:block.nether_sprouts.step
[04авг.2026 13:26:43.184] [Render thread/WARN] [gvc/]: Missing sound for event: minecraft:block.nether_sprouts.place
[04авг.2026 13:26:43.184] [Render thread/WARN] [gvc/]: Missing sound for event: minecraft:block.nether_sprouts.hit
[04авг.2026 13:26:43.184] [Render thread/WARN] [gvc/]: Missing sound for event: minecraft:block.nether_sprouts.fall
[04авг.2026 13:26:43.184] [Render thread/WARN] [gvc/]: Missing sound for event: minecraft:block.fungus.break
[04авг.2026 13:26:43.184] [Render thread/WARN] [gvc/]: Missing sound for event: minecraft:block.fungus.step
[04авг.2026 13:26:43.184] [Render thread/WARN] [gvc/]: Missing sound for event: minecraft:block.fungus.place
[04авг.2026 13:26:43.184] [Render thread/WARN] [gvc/]: Missing sound for event: minecraft:block.fungus.hit
[04авг.2026 13:26:43.184] [Render thread/WARN] [gvc/]: Missing sound for event: minecraft:block.fungus.fall
[04авг.2026 13:26:43.184] [Render thread/WARN] [gvc/]: Missing sound for event: minecraft:block.weeping_vines.break
[04авг.2026 13:26:43.184] [Render thread/WARN] [gvc/]: Missing sound for event: minecraft:block.weeping_vines.step
[04авг.2026 13:26:43.184] [Render thread/WARN] [gvc/]: Missing sound for event: minecraft:block.weeping_vines.place
[04авг.2026 13:26:43.184] [Render thread/WARN] [gvc/]: Missing sound for event: minecraft:block.weeping_vines.hit
[04авг.2026 13:26:43.184] [Render thread/WARN] [gvc/]: Missing sound for event: minecraft:block.weeping_vines.fall
[04авг.2026 13:26:43.184] [Render thread/WARN] [gvc/]: Missing sound for event: minecraft:block.wart_block.break
[04авг.2026 13:26:43.184] [Render thread/WARN] [gvc/]: Missing sound for event: minecraft:block.wart_block.step
[04авг.2026 13:26:43.184] [Render thread/WARN] [gvc/]: Missing sound for event: minecraft:block.wart_block.place
[04авг.2026 13:26:43.184] [Render thread/WARN] [gvc/]: Missing sound for event: minecraft:block.wart_block.hit
[04авг.2026 13:26:43.184] [Render thread/WARN] [gvc/]: Missing sound for event: minecraft:block.wart_block.fall
[04авг.2026 13:26:43.184] [Render thread/WARN] [gvc/]: Missing sound for event: minecraft:block.netherite_block.break
[04авг.2026 13:26:43.184] [Render thread/WARN] [gvc/]: Missing sound for event: minecraft:block.netherite_block.step
[04авг.2026 13:26:43.184] [Render thread/WARN] [gvc/]: Missing sound for event: minecraft:block.netherite_block.place
[04авг.2026 13:26:43.184] [Render thread/WARN] [gvc/]: Missing sound for event: minecraft:block.netherite_block.hit
[04авг.2026 13:26:43.184] [Render thread/WARN] [gvc/]: Missing sound for event: minecraft:block.netherite_block.fall
[04авг.2026 13:26:43.184] [Render thread/WARN] [gvc/]: Missing sound for event: minecraft:block.netherrack.break
[04авг.2026 13:26:43.184] [Render thread/WARN] [gvc/]: Missing sound for event: minecraft:block.netherrack.step
[04авг.2026 13:26:43.184] [Render thread/WARN] [gvc/]: Missing sound for event: minecraft:block.netherrack.place
[04авг.2026 13:26:43.184] [Render thread/WARN] [gvc/]: Missing sound for event: minecraft:block.netherrack.hit
[04авг.2026 13:26:43.184] [Render thread/WARN] [gvc/]: Missing sound for event: minecraft:block.netherrack.fall
[04авг.2026 13:26:43.184] [Render thread/WARN] [gvc/]: Missing sound for event: minecraft:block.note_block.basedrum
[04авг.2026 13:26:43.184] [Render thread/WARN] [gvc/]: Missing sound for event: minecraft:block.note_block.bass
[04авг.2026 13:26:43.185] [Render thread/WARN] [gvc/]: Missing sound for event: minecraft:block.note_block.bell
[04авг.2026 13:26:43.185] [Render thread/WARN] [gvc/]: Missing sound for event: minecraft:block.note_block.chime
[04авг.2026 13:26:43.185] [Render thread/WARN] [gvc/]: Missing sound for event: minecraft:block.note_block.flute
[04авг.2026 13:26:43.185] [Render thread/WARN] [gvc/]: Missing sound for event: minecraft:block.note_block.guitar
[04авг.2026 13:26:43.185] [Render thread/WARN] [gvc/]: Missing sound for event: minecraft:block.note_block.harp
[04авг.2026 13:26:43.185] [Render thread/WARN] [gvc/]: Missing sound for event: minecraft:block.note_block.hat
[04авг.2026 13:26:43.185] [Render thread/WARN] [gvc/]: Missing sound for event: minecraft:block.note_block.pling
[04авг.2026 13:26:43.185] [Render thread/WARN] [gvc/]: Missing sound for event: minecraft:block.note_block.snare
[04авг.2026 13:26:43.185] [Render thread/WARN] [gvc/]: Missing sound for event: minecraft:block.note_block.xylophone
[04авг.2026 13:26:43.185] [Render thread/WARN] [gvc/]: Missing sound for event: minecraft:block.note_block.iron_xylophone
[04авг.2026 13:26:43.185] [Render thread/WARN] [gvc/]: Missing sound for event: minecraft:block.note_block.cow_bell
[04авг.2026 13:26:43.185] [Render thread/WARN] [gvc/]: Missing sound for event: minecraft:block.note_block.didgeridoo
[04авг.2026 13:26:43.185] [Render thread/WARN] [gvc/]: Missing sound for event: minecraft:block.note_block.bit
[04авг.2026 13:26:43.185] [Render thread/WARN] [gvc/]: Missing sound for event: minecraft:block.note_block.banjo
[04авг.2026 13:26:43.185] [Render thread/WARN] [gvc/]: Missing sound for event: minecraft:block.note_block.imitate.zombie
[04авг.2026 13:26:43.185] [Render thread/WARN] [gvc/]: Missing sound for event: minecraft:block.note_block.imitate.skeleton
[04авг.2026 13:26:43.185] [Render thread/WARN] [gvc/]: Missing sound for event: minecraft:block.note_block.imitate.creeper
[04авг.2026 13:26:43.185] [Render thread/WARN] [gvc/]: Missing sound for event: minecraft:block.note_block.imitate.ender_dragon
[04авг.2026 13:26:43.185] [Render thread/WARN] [gvc/]: Missing sound for event: minecraft:block.note_block.imitate.wither_skeleton
[04авг.2026 13:26:43.185] [Render thread/WARN] [gvc/]: Missing sound for event: minecraft:block.note_block.imitate.piglin
[04авг.2026 13:26:43.185] [Render thread/WARN] [gvc/]: Missing sound for event: minecraft:entity.ocelot.hurt
[04авг.2026 13:26:43.185] [Render thread/WARN] [gvc/]: Missing sound for event: minecraft:entity.ocelot.ambient
[04авг.2026 13:26:43.185] [Render thread/WARN] [gvc/]: Missing sound for event: minecraft:entity.ocelot.death
[04авг.2026 13:26:43.185] [Render thread/WARN] [gvc/]: Missing sound for event: minecraft:item.ominous_bottle.dispose
[04авг.2026 13:26:43.185] [Render thread/WARN] [gvc/]: Missing sound for event: minecraft:entity.painting.break
[04авг.2026 13:26:43.185] [Render thread/WARN] [gvc/]: Missing sound for event: minecraft:entity.painting.place
[04авг.2026 13:26:43.185] [Render thread/WARN] [gvc/]: Missing sound for event: minecraft:entity.panda.pre_sneeze
[04авг.2026 13:26:43.185] [Render thread/WARN] [gvc/]: Missing sound for event: minecraft:entity.panda.sneeze
[04авг.2026 13:26:43.185] [Render thread/WARN] [gvc/]: Missing sound for event: minecraft:entity.panda.ambient
[04авг.2026 13:26:43.185] [Render thread/WARN] [gvc/]: Missing sound for event: minecraft:entity.panda.death
[04авг.2026 13:26:43.185] [Render thread/WARN] [gvc/]: Missing sound for event: minecraft:entity.panda.eat
[04авг.2026 13:26:43.185] [Render thread/WARN] [gvc/]: Missing sound for event: minecraft:entity.panda.step
[04авг.2026 13:26:43.185] [Render thread/WARN] [gvc/]: Missing sound for event: minecraft:entity.panda.cant_breed
[04авг.2026 13:26:43.185] [Render thread/WARN] [gvc/]: Missing sound for event: minecraft:entity.panda.aggressive_ambient
[04авг.2026 13:26:43.186] [Render thread/WARN] [gvc/]: Missing sound for event: minecraft:entity.panda.worried_ambient
[04авг.2026 13:26:43.186] [Render thread/WARN] [gvc/]: Missing sound for event: minecraft:entity.panda.hurt
[04авг.2026 13:26:43.186] [Render thread/WARN] [gvc/]: Missing sound for event: minecraft:entity.panda.bite
[04авг.2026 13:26:43.186] [Render thread/WARN] [gvc/]: Missing sound for event: minecraft:entity.parrot.ambient
[04авг.2026 13:26:43.186] [Render thread/WARN] [gvc/]: Missing sound for event: minecraft:entity.parrot.death
[04авг.2026 13:26:43.186] [Render thread/WARN] [gvc/]: Missing sound for event: minecraft:entity.parrot.eat
[04авг.2026 13:26:43.186] [Render thread/WARN] [gvc/]: Missing sound for event: minecraft:entity.parrot.fly
[04авг.2026 13:26:43.186] [Render thread/WARN] [gvc/]: Missing sound for event: minecraft:entity.parrot.hurt
[04авг.2026 13:26:43.186] [Render thread/WARN] [gvc/]: Missing sound for event: minecraft:entity.parrot.imitate.blaze
[04авг.2026 13:26:43.186] [Render thread/WARN] [gvc/]: Missing sound for event: minecraft:entity.parrot.imitate.bogged
[04авг.2026 13:26:43.186] [Render thread/WARN] [gvc/]: Missing sound for event: minecraft:entity.parrot.imitate.breeze
[04авг.2026 13:26:43.186] [Render thread/WARN] [gvc/]: Missing sound for event: minecraft:entity.parrot.imitate.creeper
[04авг.2026 13:26:43.186] [Render thread/WARN] [gvc/]: Missing sound for event: minecraft:entity.parrot.imitate.drowned
[04авг.2026 13:26:43.186] [Render thread/WARN] [gvc/]: Missing sound for event: minecraft:entity.parrot.imitate.elder_guardian
[04авг.2026 13:26:43.186] [Render thread/WARN] [gvc/]: Missing sound for event: minecraft:entity.parrot.imitate.ender_dragon
[04авг.2026 13:26:43.186] [Render thread/WARN] [gvc/]: Missing sound for event: minecraft:entity.parrot.imitate.endermite
[04авг.2026 13:26:43.186] [Render thread/WARN] [gvc/]: Missing sound for event: minecraft:entity.parrot.imitate.evoker
[04авг.2026 13:26:43.186] [Render thread/WARN] [gvc/]: Missing sound for event: minecraft:entity.parrot.imitate.ghast
[04авг.2026 13:26:43.186] [Render thread/WARN] [gvc/]: Missing sound for event: minecraft:entity.parrot.imitate.guardian
[04авг.2026 13:26:43.186] [Render thread/WARN] [gvc/]: Missing sound for event: minecraft:entity.parrot.imitate.hoglin
[04авг.2026 13:26:43.186] [Render thread/WARN] [gvc/]: Missing sound for event: minecraft:entity.parrot.imitate.husk
[04авг.2026 13:26:43.186] [Render thread/WARN] [gvc/]: Missing sound for event: minecraft:entity.parrot.imitate.illusioner
[04авг.2026 13:26:43.186] [Render thread/WARN] [gvc/]: Missing sound for event: minecraft:entity.parrot.imitate.magma_cube
[04авг.2026 13:26:43.186] [Render thread/WARN] [gvc/]: Missing sound for event: minecraft:entity.parrot.imitate.phantom
[04авг.2026 13:26:43.186] [Render thread/WARN] [gvc/]: Missing sound for event: minecraft:entity.parrot.imitate.piglin
[04авг.2026 13:26:43.186] [Render thread/WARN] [gvc/]: Missing sound for event: minecraft:entity.parrot.imitate.piglin_brute
[04авг.2026 13:26:43.186] [Render thread/WARN] [gvc/]: Missing sound for event: minecraft:entity.parrot.imitate.pillager
[04авг.2026 13:26:43.186] [Render thread/WARN] [gvc/]: Missing sound for event: minecraft:entity.parrot.imitate.ravager
[04авг.2026 13:26:43.186] [Render thread/WARN] [gvc/]: Missing sound for event: minecraft:entity.parrot.imitate.shulker
[04авг.2026 13:26:43.186] [Render thread/WARN] [gvc/]: Missing sound for event: minecraft:entity.parrot.imitate.silverfish
[04авг.2026 13:26:43.186] [Render thread/WARN] [gvc/]: Missing sound for event: minecraft:entity.parrot.imitate.skeleton
[04авг.2026 13:26:43.186] [Render thread/WARN] [gvc/]: Missing sound for event: minecraft:entity.parrot.imitate.slime
[04авг.2026 13:26:43.186] [Render thread/WARN] [gvc/]: Missing sound for event: minecraft:entity.parrot.imitate.spider
[04авг.2026 13:26:43.186] [Render thread/WARN] [gvc/]: Missing sound for event: minecraft:entity.parrot.imitate.stray
[04авг.2026 13:26:43.186] [Render thread/WARN] [gvc/]: Missing sound for event: minecraft:entity.parrot.imitate.vex
[04авг.2026 13:26:43.186] [Render thread/WARN] [gvc/]: Missing sound for event: minecraft:entity.parrot.imitate.vindicator
[04авг.2026 13:26:43.186] [Render thread/WARN] [gvc/]: Missing sound for event: minecraft:entity.parrot.imitate.warden
[04авг.2026 13:26:43.186] [Render thread/WARN] [gvc/]: Missing sound for event: minecraft:entity.parrot.imitate.witch
[04авг.2026 13:26:43.187] [Render thread/WARN] [gvc/]: Missing sound for event: minecraft:entity.parrot.imitate.wither
[04авг.2026 13:26:43.187] [Render thread/WARN] [gvc/]: Missing sound for event: minecraft:entity.parrot.imitate.wither_skeleton
[04авг.2026 13:26:43.187] [Render thread/WARN] [gvc/]: Missing sound for event: minecraft:entity.parrot.imitate.zoglin
[04авг.2026 13:26:43.187] [Render thread/WARN] [gvc/]: Missing sound for event: minecraft:entity.parrot.imitate.zombie
[04авг.2026 13:26:43.187] [Render thread/WARN] [gvc/]: Missing sound for event: minecraft:entity.parrot.imitate.zombie_villager
[04авг.2026 13:26:43.187] [Render thread/WARN] [gvc/]: Missing sound for event: minecraft:entity.parrot.step
[04авг.2026 13:26:43.187] [Render thread/WARN] [gvc/]: Missing sound for event: minecraft:entity.phantom.ambient
[04авг.2026 13:26:43.187] [Render thread/WARN] [gvc/]: Missing sound for event: minecraft:entity.phantom.bite
[04авг.2026 13:26:43.187] [Render thread/WARN] [gvc/]: Missing sound for event: minecraft:entity.phantom.death
[04авг.2026 13:26:43.187] [Render thread/WARN] [gvc/]: Missing sound for event: minecraft:entity.phantom.flap
[04авг.2026 13:26:43.187] [Render thread/WARN] [gvc/]: Missing sound for event: minecraft:entity.phantom.hurt
[04авг.2026 13:26:43.187] [Render thread/WARN] [gvc/]: Missing sound for event: minecraft:entity.phantom.swoop
[04авг.2026 13:26:43.187] [Render thread/WARN] [gvc/]: Missing sound for event: minecraft:entity.pig.ambient
[04авг.2026 13:26:43.187] [Render thread/WARN] [gvc/]: Missing sound for event: minecraft:entity.pig.death
[04авг.2026 13:26:43.187] [Render thread/WARN] [gvc/]: Missing sound for event: minecraft:entity.pig.hurt
[04авг.2026 13:26:43.187] [Render thread/WARN] [gvc/]: Missing sound for event: minecraft:entity.pig.saddle
[04авг.2026 13:26:43.187] [Render thread/WARN] [gvc/]: Missing sound for event: minecraft:entity.pig.step
[04авг.2026 13:26:43.187] [Render thread/WARN] [gvc/]: Missing sound for event: minecraft:entity.piglin.admiring_item
[04авг.2026 13:26:43.187] [Render thread/WARN] [gvc/]: Missing sound for event: minecraft:entity.piglin.ambient
[04авг.2026 13:26:43.187] [Render thread/WARN] [gvc/]: Missing sound for event: minecraft:entity.piglin.angry
[04авг.2026 13:26:43.187] [Render thread/WARN] [gvc/]: Missing sound for event: minecraft:entity.piglin.celebrate
[04авг.2026 13:26:43.187] [Render thread/WARN] [gvc/]: Missing sound for event: minecraft:entity.piglin.death
[04авг.2026 13:26:43.187] [Render thread/WARN] [gvc/]: Missing sound for event: minecraft:entity.piglin.jealous
[04авг.2026 13:26:43.187] [Render thread/WARN] [gvc/]: Missing sound for event: minecraft:entity.piglin.hurt
[04авг.2026 13:26:43.187] [Render thread/WARN] [gvc/]: Missing sound for event: minecraft:entity.piglin.retreat
[04авг.2026 13:26:43.187] [Render thread/WARN] [gvc/]: Missing sound for event: minecraft:entity.piglin.step
[04авг.2026 13:26:43.187] [Render thread/WARN] [gvc/]: Missing sound for event: minecraft:entity.piglin.converted_to_zombified
[04авг.2026 13:26:43.187] [Render thread/WARN] [gvc/]: Missing sound for event: minecraft:entity.piglin_brute.ambient
[04авг.2026 13:26:43.187] [Render thread/WARN] [gvc/]: Missing sound for event: minecraft:entity.piglin_brute.angry
[04авг.2026 13:26:43.187] [Render thread/WARN] [gvc/]: Missing sound for event: minecraft:entity.piglin_brute.death
[04авг.2026 13:26:43.187] [Render thread/WARN] [gvc/]: Missing sound for event: minecraft:entity.piglin_brute.hurt
[04авг.2026 13:26:43.187] [Render thread/WARN] [gvc/]: Missing sound for event: minecraft:entity.piglin_brute.step
[04авг.2026 13:26:43.187] [Render thread/WARN] [gvc/]: Missing sound for event: minecraft:entity.piglin_brute.converted_to_zombified
[04авг.2026 13:26:43.187] [Render thread/WARN] [gvc/]: Missing sound for event: minecraft:entity.pillager.ambient
[04авг.2026 13:26:43.187] [Render thread/WARN] [gvc/]: Missing sound for event: minecraft:entity.pillager.celebrate
[04авг.2026 13:26:43.187] [Render thread/WARN] [gvc/]: Missing sound for event: minecraft:entity.pillager.death
[04авг.2026 13:26:43.187] [Render thread/WARN] [gvc/]: Missing sound for event: minecraft:entity.pillager.hurt
[04авг.2026 13:26:43.187] [Render thread/WARN] [gvc/]: Missing sound for event: minecraft:block.piston.contract
[04авг.2026 13:26:43.188] [Render thread/WARN] [gvc/]: Missing sound for event: minecraft:block.piston.extend
[04авг.2026 13:26:43.188] [Render thread/WARN] [gvc/]: Missing sound for event: minecraft:entity.player.attack.crit
[04авг.2026 13:26:43.188] [Render thread/WARN] [gvc/]: Missing sound for event: minecraft:entity.player.attack.knockback
[04авг.2026 13:26:43.188] [Render thread/WARN] [gvc/]: Missing sound for event: minecraft:entity.player.attack.nodamage
[04авг.2026 13:26:43.188] [Render thread/WARN] [gvc/]: Missing sound for event: minecraft:entity.player.attack.strong
[04авг.2026 13:26:43.188] [Render thread/WARN] [gvc/]: Missing sound for event: minecraft:entity.player.attack.sweep
[04авг.2026 13:26:43.188] [Render thread/WARN] [gvc/]: Missing sound for event: minecraft:entity.player.attack.weak
[04авг.2026 13:26:43.188] [Render thread/WARN] [gvc/]: Missing sound for event: minecraft:entity.player.big_fall
[04авг.2026 13:26:43.188] [Render thread/WARN] [gvc/]: Missing sound for event: minecraft:entity.player.breath
[04авг.2026 13:26:43.188] [Render thread/WARN] [gvc/]: Missing sound for event: minecraft:entity.player.burp
[04авг.2026 13:26:43.188] [Render thread/WARN] [gvc/]: Missing sound for event: minecraft:entity.player.death
[04авг.2026 13:26:43.188] [Render thread/WARN] [gvc/]: Missing sound for event: minecraft:entity.player.hurt
[04авг.2026 13:26:43.188] [Render thread/WARN] [gvc/]: Missing sound for event: minecraft:entity.player.hurt_drown
[04авг.2026 13:26:43.188] [Render thread/WARN] [gvc/]: Missing sound for event: minecraft:entity.player.hurt_freeze
[04авг.2026 13:26:43.188] [Render thread/WARN] [gvc/]: Missing sound for event: minecraft:entity.player.hurt_on_fire
[04авг.2026 13:26:43.188] [Render thread/WARN] [gvc/]: Missing sound for event: minecraft:entity.player.hurt_sweet_berry_bush
[04авг.2026 13:26:43.188] [Render thread/WARN] [gvc/]: Missing sound for event: minecraft:entity.player.levelup
[04авг.2026 13:26:43.188] [Render thread/WARN] [gvc/]: Missing sound for event: minecraft:entity.player.small_fall
[04авг.2026 13:26:43.188] [Render thread/WARN] [gvc/]: Missing sound for event: minecraft:entity.player.splash
[04авг.2026 13:26:43.188] [Render thread/WARN] [gvc/]: Missing sound for event: minecraft:entity.player.splash.high_speed
[04авг.2026 13:26:43.188] [Render thread/WARN] [gvc/]: Missing sound for event: minecraft:entity.player.swim
[04авг.2026 13:26:43.188] [Render thread/WARN] [gvc/]: Missing sound for event: minecraft:entity.player.teleport
[04авг.2026 13:26:43.188] [Render thread/WARN] [gvc/]: Missing sound for event: minecraft:entity.polar_bear.ambient
[04авг.2026 13:26:43.188] [Render thread/WARN] [gvc/]: Missing sound for event: minecraft:entity.polar_bear.ambient_baby
[04авг.2026 13:26:43.188] [Render thread/WARN] [gvc/]: Missing sound for event: minecraft:entity.polar_bear.death
[04авг.2026 13:26:43.188] [Render thread/WARN] [gvc/]: Missing sound for event: minecraft:entity.polar_bear.hurt
[04авг.2026 13:26:43.188] [Render thread/WARN] [gvc/]: Missing sound for event: minecraft:entity.polar_bear.step
[04авг.2026 13:26:43.188] [Render thread/WARN] [gvc/]: Missing sound for event: minecraft:entity.polar_bear.warning
[04авг.2026 13:26:43.188] [Render thread/WARN] [gvc/]: Missing sound for event: minecraft:block.polished_deepslate.break
[04авг.2026 13:26:43.188] [Render thread/WARN] [gvc/]: Missing sound for event: minecraft:block.polished_deepslate.fall
[04авг.2026 13:26:43.188] [Render thread/WARN] [gvc/]: Missing sound for event: minecraft:block.polished_deepslate.hit
[04авг.2026 13:26:43.188] [Render thread/WARN] [gvc/]: Missing sound for event: minecraft:block.polished_deepslate.place
[04авг.2026 13:26:43.188] [Render thread/WARN] [gvc/]: Missing sound for event: minecraft:block.polished_deepslate.step
[04авг.2026 13:26:43.188] [Render thread/WARN] [gvc/]: Missing sound for event: minecraft:block.portal.ambient
[04авг.2026 13:26:43.188] [Render thread/WARN] [gvc/]: Missing sound for event: minecraft:block.portal.travel
[04авг.2026 13:26:43.188] [Render thread/WARN] [gvc/]: Missing sound for event: minecraft:block.portal.trigger
[04авг.2026 13:26:43.188] [Render thread/WARN] [gvc/]: Missing sound for event: minecraft:block.powder_snow.break
[04авг.2026 13:26:43.188] [Render thread/WARN] [gvc/]: Missing sound for event: minecraft:block.powder_snow.fall
[04авг.2026 13:26:43.189] [Render thread/WARN] [gvc/]: Missing sound for event: minecraft:block.powder_snow.hit
[04авг.2026 13:26:43.189] [Render thread/WARN] [gvc/]: Missing sound for event: minecraft:block.powder_snow.place
[04авг.2026 13:26:43.189] [Render thread/WARN] [gvc/]: Missing sound for event: minecraft:block.powder_snow.step
[04авг.2026 13:26:43.189] [Render thread/WARN] [gvc/]: Missing sound for event: minecraft:entity.puffer_fish.ambient
[04авг.2026 13:26:43.189] [Render thread/WARN] [gvc/]: Missing sound for event: minecraft:entity.puffer_fish.blow_out
[04авг.2026 13:26:43.189] [Render thread/WARN] [gvc/]: Missing sound for event: minecraft:entity.puffer_fish.blow_up
[04авг.2026 13:26:43.189] [Render thread/WARN] [gvc/]: Missing sound for event: minecraft:entity.puffer_fish.death
[04авг.2026 13:26:43.189] [Render thread/WARN] [gvc/]: Missing sound for event: minecraft:entity.puffer_fish.flop
[04авг.2026 13:26:43.189] [Render thread/WARN] [gvc/]: Missing sound for event: minecraft:entity.puffer_fish.hurt
[04авг.2026 13:26:43.189] [Render thread/WARN] [gvc/]: Missing sound for event: minecraft:entity.puffer_fish.sting
[04авг.2026 13:26:43.189] [Render thread/WARN] [gvc/]: Missing sound for event: minecraft:block.pumpkin.carve
[04авг.2026 13:26:43.189] [Render thread/WARN] [gvc/]: Missing sound for event: minecraft:entity.rabbit.ambient
[04авг.2026 13:26:43.189] [Render thread/WARN] [gvc/]: Missing sound for event: minecraft:entity.rabbit.attack
[04авг.2026 13:26:43.189] [Render thread/WARN] [gvc/]: Missing sound for event: minecraft:entity.rabbit.death
[04авг.2026 13:26:43.189] [Render thread/WARN] [gvc/]: Missing sound for event: minecraft:entity.rabbit.hurt
[04авг.2026 13:26:43.189] [Render thread/WARN] [gvc/]: Missing sound for event: minecraft:entity.rabbit.jump
[04авг.2026 13:26:43.189] [Render thread/WARN] [gvc/]: Missing sound for event: minecraft:event.raid.horn
[04авг.2026 13:26:43.189] [Render thread/WARN] [gvc/]: Missing sound for event: minecraft:entity.ravager.ambient
[04авг.2026 13:26:43.189] [Render thread/WARN] [gvc/]: Missing sound for event: minecraft:entity.ravager.attack
[04авг.2026 13:26:43.189] [Render thread/WARN] [gvc/]: Missing sound for event: minecraft:entity.ravager.celebrate
[04авг.2026 13:26:43.189] [Render thread/WARN] [gvc/]: Missing sound for event: minecraft:entity.ravager.death
[04авг.2026 13:26:43.189] [Render thread/WARN] [gvc/]: Missing sound for event: minecraft:entity.ravager.hurt
[04авг.2026 13:26:43.189] [Render thread/WARN] [gvc/]: Missing sound for event: minecraft:entity.ravager.step
[04авг.2026 13:26:43.189] [Render thread/WARN] [gvc/]: Missing sound for event: minecraft:entity.ravager.stunned
[04авг.2026 13:26:43.189] [Render thread/WARN] [gvc/]: Missing sound for event: minecraft:entity.ravager.roar
[04авг.2026 13:26:43.189] [Render thread/WARN] [gvc/]: Missing sound for event: minecraft:block.nether_gold_ore.break
[04авг.2026 13:26:43.189] [Render thread/WARN] [gvc/]: Missing sound for event: minecraft:block.nether_gold_ore.fall
[04авг.2026 13:26:43.189] [Render thread/WARN] [gvc/]: Missing sound for event: minecraft:block.nether_gold_ore.hit
[04авг.2026 13:26:43.189] [Render thread/WARN] [gvc/]: Missing sound for event: minecraft:block.nether_gold_ore.place
[04авг.2026 13:26:43.189] [Render thread/WARN] [gvc/]: Missing sound for event: minecraft:block.nether_gold_ore.step
[04авг.2026 13:26:43.189] [Render thread/WARN] [gvc/]: Missing sound for event: minecraft:block.nether_ore.break
[04авг.2026 13:26:43.189] [Render thread/WARN] [gvc/]: Missing sound for event: minecraft:block.nether_ore.fall
[04авг.2026 13:26:43.189] [Render thread/WARN] [gvc/]: Missing sound for event: minecraft:block.nether_ore.hit
[04авг.2026 13:26:43.189] [Render thread/WARN] [gvc/]: Missing sound for event: minecraft:block.nether_ore.place
[04авг.2026 13:26:43.189] [Render thread/WARN] [gvc/]: Missing sound for event: minecraft:block.nether_ore.step
[04авг.2026 13:26:43.190] [Render thread/WARN] [gvc/]: Missing sound for event: minecraft:block.redstone_torch.burnout
[04авг.2026 13:26:43.190] [Render thread/WARN] [gvc/]: Missing sound for event: minecraft:block.respawn_anchor.ambient
[04авг.2026 13:26:43.190] [Render thread/WARN] [gvc/]: Missing sound for event: minecraft:block.respawn_anchor.charge
[04авг.2026 13:26:43.190] [Render thread/WARN] [gvc/]: Missing sound for event: minecraft:block.respawn_anchor.deplete
[04авг.2026 13:26:43.190] [Render thread/WARN] [gvc/]: Missing sound for event: minecraft:block.respawn_anchor.set_spawn
[04авг.2026 13:26:43.190] [Render thread/WARN] [gvc/]: Missing sound for event: minecraft:block.rooted_dirt.break
[04авг.2026 13:26:43.190] [Render thread/WARN] [gvc/]: Missing sound for event: minecraft:block.rooted_dirt.fall
[04авг.2026 13:26:43.190] [Render thread/WARN] [gvc/]: Missing sound for event: minecraft:block.rooted_dirt.hit
[04авг.2026 13:26:43.190] [Render thread/WARN] [gvc/]: Missing sound for event: minecraft:block.rooted_dirt.place
[04авг.2026 13:26:43.190] [Render thread/WARN] [gvc/]: Missing sound for event: minecraft:block.rooted_dirt.step
[04авг.2026 13:26:43.190] [Render thread/WARN] [gvc/]: Missing sound for event: minecraft:entity.salmon.ambient
[04авг.2026 13:26:43.190] [Render thread/WARN] [gvc/]: Missing sound for event: minecraft:entity.salmon.death
[04авг.2026 13:26:43.190] [Render thread/WARN] [gvc/]: Missing sound for event: minecraft:entity.salmon.flop
[04авг.2026 13:26:43.190] [Render thread/WARN] [gvc/]: Missing sound for event: minecraft:entity.salmon.hurt
[04авг.2026 13:26:43.190] [Render thread/WARN] [gvc/]: Missing sound for event: minecraft:block.sand.break
[04авг.2026 13:26:43.190] [Render thread/WARN] [gvc/]: Missing sound for event: minecraft:block.sand.fall
[04авг.2026 13:26:43.190] [Render thread/WARN] [gvc/]: Missing sound for event: minecraft:block.sand.hit
[04авг.2026 13:26:43.190] [Render thread/WARN] [gvc/]: Missing sound for event: minecraft:block.sand.place
[04авг.2026 13:26:43.190] [Render thread/WARN] [gvc/]: Missing sound for event: minecraft:block.sand.step
[04авг.2026 13:26:43.190] [Render thread/WARN] [gvc/]: Missing sound for event: minecraft:block.scaffolding.break
[04авг.2026 13:26:43.190] [Render thread/WARN] [gvc/]: Missing sound for event: minecraft:block.scaffolding.fall
[04авг.2026 13:26:43.190] [Render thread/WARN] [gvc/]: Missing sound for event: minecraft:block.scaffolding.hit
[04авг.2026 13:26:43.190] [Render thread/WARN] [gvc/]: Missing sound for event: minecraft:block.scaffolding.place
[04авг.2026 13:26:43.190] [Render thread/WARN] [gvc/]: Missing sound for event: minecraft:block.scaffolding.step
[04авг.2026 13:26:43.190] [Render thread/WARN] [gvc/]: Missing sound for event: minecraft:block.sculk.spread
[04авг.2026 13:26:43.190] [Render thread/WARN] [gvc/]: Missing sound for event: minecraft:block.sculk.charge
[04авг.2026 13:26:43.190] [Render thread/WARN] [gvc/]: Missing sound for event: minecraft:block.sculk.break
[04авг.2026 13:26:43.190] [Render thread/WARN] [gvc/]: Missing sound for event: minecraft:block.sculk.fall
[04авг.2026 13:26:43.190] [Render thread/WARN] [gvc/]: Missing sound for event: minecraft:block.sculk.hit
[04авг.2026 13:26:43.190] [Render thread/WARN] [gvc/]: Missing sound for event: minecraft:block.sculk.place
[04авг.2026 13:26:43.190] [Render thread/WARN] [gvc/]: Missing sound for event: minecraft:block.sculk.step
[04авг.2026 13:26:43.190] [Render thread/WARN] [gvc/]: Missing sound for event: minecraft:block.sculk_catalyst.bloom
[04авг.2026 13:26:43.190] [Render thread/WARN] [gvc/]: Missing sound for event: minecraft:block.sculk_catalyst.break
[04авг.2026 13:26:43.190] [Render thread/WARN] [gvc/]: Missing sound for event: minecraft:block.sculk_catalyst.fall
[04авг.2026 13:26:43.190] [Render thread/WARN] [gvc/]: Missing sound for event: minecraft:block.sculk_catalyst.hit
[04авг.2026 13:26:43.190] [Render thread/WARN] [gvc/]: Missing sound for event: minecraft:block.sculk_catalyst.place
[04авг.2026 13:26:43.190] [Render thread/WARN] [gvc/]: Missing sound for event: minecraft:block.sculk_catalyst.step
[04авг.2026 13:26:43.190] [Render thread/WARN] [gvc/]: Missing sound for event: minecraft:block.sculk_sensor.clicking
[04авг.2026 13:26:43.190] [Render thread/WARN] [gvc/]: Missing sound for event: minecraft:block.sculk_sensor.clicking_stop
[04авг.2026 13:26:43.191] [Render thread/WARN] [gvc/]: Missing sound for event: minecraft:block.sculk_sensor.break
[04авг.2026 13:26:43.191] [Render thread/WARN] [gvc/]: Missing sound for event: minecraft:block.sculk_sensor.fall
[04авг.2026 13:26:43.191] [Render thread/WARN] [gvc/]: Missing sound for event: minecraft:block.sculk_sensor.hit
[04авг.2026 13:26:43.191] [Render thread/WARN] [gvc/]: Missing sound for event: minecraft:block.sculk_sensor.place
[04авг.2026 13:26:43.191] [Render thread/WARN] [gvc/]: Missing sound for event: minecraft:block.sculk_sensor.step
[04авг.2026 13:26:43.191] [Render thread/WARN] [gvc/]: Missing sound for event: minecraft:block.sculk_shrieker.break
[04авг.2026 13:26:43.191] [Render thread/WARN] [gvc/]: Missing sound for event: minecraft:block.sculk_shrieker.fall
[04авг.2026 13:26:43.191] [Render thread/WARN] [gvc/]: Missing sound for event: minecraft:block.sculk_shrieker.hit
[04авг.2026 13:26:43.191] [Render thread/WARN] [gvc/]: Missing sound for event: minecraft:block.sculk_shrieker.place
[04авг.2026 13:26:43.191] [Render thread/WARN] [gvc/]: Missing sound for event: minecraft:block.sculk_shrieker.shriek
[04авг.2026 13:26:43.191] [Render thread/WARN] [gvc/]: Missing sound for event: minecraft:block.sculk_shrieker.step
[04авг.2026 13:26:43.191] [Render thread/WARN] [gvc/]: Missing sound for event: minecraft:block.sculk_vein.break
[04авг.2026 13:26:43.191] [Render thread/WARN] [gvc/]: Missing sound for event: minecraft:block.sculk_vein.fall
[04авг.2026 13:26:43.191] [Render thread/WARN] [gvc/]: Missing sound for event: minecraft:block.sculk_vein.hit
[04авг.2026 13:26:43.191] [Render thread/WARN] [gvc/]: Missing sound for event: minecraft:block.sculk_vein.place
[04авг.2026 13:26:43.191] [Render thread/WARN] [gvc/]: Missing sound for event: minecraft:block.sculk_vein.step
[04авг.2026 13:26:43.191] [Render thread/WARN] [gvc/]: Missing sound for event: minecraft:entity.sheep.ambient
[04авг.2026 13:26:43.191] [Render thread/WARN] [gvc/]: Missing sound for event: minecraft:entity.sheep.death
[04авг.2026 13:26:43.191] [Render thread/WARN] [gvc/]: Missing sound for event: minecraft:entity.sheep.hurt
[04авг.2026 13:26:43.191] [Render thread/WARN] [gvc/]: Missing sound for event: minecraft:entity.sheep.shear
[04авг.2026 13:26:43.191] [Render thread/WARN] [gvc/]: Missing sound for event: minecraft:entity.sheep.step
[04авг.2026 13:26:43.191] [Render thread/WARN] [gvc/]: Missing sound for event: minecraft:item.shield.block
[04авг.2026 13:26:43.191] [Render thread/WARN] [gvc/]: Missing sound for event: minecraft:item.shield.break
[04авг.2026 13:26:43.191] [Render thread/WARN] [gvc/]: Missing sound for event: minecraft:block.shroomlight.break
[04авг.2026 13:26:43.191] [Render thread/WARN] [gvc/]: Missing sound for event: minecraft:block.shroomlight.step
[04авг.2026 13:26:43.191] [Render thread/WARN] [gvc/]: Missing sound for event: minecraft:block.shroomlight.place
[04авг.2026 13:26:43.191] [Render thread/WARN] [gvc/]: Missing sound for event: minecraft:block.shroomlight.hit
[04авг.2026 13:26:43.191] [Render thread/WARN] [gvc/]: Missing sound for event: minecraft:block.shroomlight.fall
[04авг.2026 13:26:43.191] [Render thread/WARN] [gvc/]: Missing sound for event: minecraft:item.shovel.flatten
[04авг.2026 13:26:43.191] [Render thread/WARN] [gvc/]: Missing sound for event: minecraft:entity.shulker.ambient
[04авг.2026 13:26:43.191] [Render thread/WARN] [gvc/]: Missing sound for event: minecraft:block.shulker_box.close
[04авг.2026 13:26:43.191] [Render thread/WARN] [gvc/]: Missing sound for event: minecraft:block.shulker_box.open
[04авг.2026 13:26:43.191] [Render thread/WARN] [gvc/]: Missing sound for event: minecraft:entity.shulker_bullet.hit
[04авг.2026 13:26:43.191] [Render thread/WARN] [gvc/]: Missing sound for event: minecraft:entity.shulker_bullet.hurt
[04авг.2026 13:26:43.191] [Render thread/WARN] [gvc/]: Missing sound for event: minecraft:entity.shulker.close
[04авг.2026 13:26:43.191] [Render thread/WARN] [gvc/]: Missing sound for event: minecraft:entity.shulker.death
[04авг.2026 13:26:43.191] [Render thread/WARN] [gvc/]: Missing sound for event: minecraft:entity.shulker.hurt
[04авг.2026 13:26:43.191] [Render thread/WARN] [gvc/]: Missing sound for event: minecraft:entity.shulker.hurt_closed
[04авг.2026 13:26:43.192] [Render thread/WARN] [gvc/]: Missing sound for event: minecraft:entity.shulker.open
[04авг.2026 13:26:43.192] [Render thread/WARN] [gvc/]: Missing sound for event: minecraft:entity.shulker.shoot
[04авг.2026 13:26:43.192] [Render thread/WARN] [gvc/]: Missing sound for event: minecraft:entity.shulker.teleport
[04авг.2026 13:26:43.192] [Render thread/WARN] [gvc/]: Missing sound for event: minecraft:entity.silverfish.ambient
[04авг.2026 13:26:43.192] [Render thread/WARN] [gvc/]: Missing sound for event: minecraft:entity.silverfish.death
[04авг.2026 13:26:43.192] [Render thread/WARN] [gvc/]: Missing sound for event: minecraft:entity.silverfish.hurt
[04авг.2026 13:26:43.192] [Render thread/WARN] [gvc/]: Missing sound for event: minecraft:entity.silverfish.step
[04авг.2026 13:26:43.192] [Render thread/WARN] [gvc/]: Missing sound for event: minecraft:entity.skeleton.ambient
[04авг.2026 13:26:43.192] [Render thread/WARN] [gvc/]: Missing sound for event: minecraft:entity.skeleton.converted_to_stray
[04авг.2026 13:26:43.192] [Render thread/WARN] [gvc/]: Missing sound for event: minecraft:entity.skeleton.death
[04авг.2026 13:26:43.192] [Render thread/WARN] [gvc/]: Missing sound for event: minecraft:entity.skeleton_horse.ambient
[04авг.2026 13:26:43.192] [Render thread/WARN] [gvc/]: Missing sound for event: minecraft:entity.skeleton_horse.death
[04авг.2026 13:26:43.192] [Render thread/WARN] [gvc/]: Missing sound for event: minecraft:entity.skeleton_horse.hurt
[04авг.2026 13:26:43.192] [Render thread/WARN] [gvc/]: Missing sound for event: minecraft:entity.skeleton_horse.swim
[04авг.2026 13:26:43.192] [Render thread/WARN] [gvc/]: Missing sound for event: minecraft:entity.skeleton_horse.ambient_water
[04авг.2026 13:26:43.192] [Render thread/WARN] [gvc/]: Missing sound for event: minecraft:entity.skeleton_horse.gallop_water
[04авг.2026 13:26:43.192] [Render thread/WARN] [gvc/]: Missing sound for event: minecraft:entity.skeleton_horse.jump_water
[04авг.2026 13:26:43.192] [Render thread/WARN] [gvc/]: Missing sound for event: minecraft:entity.skeleton_horse.step_water
[04авг.2026 13:26:43.192] [Render thread/WARN] [gvc/]: Missing sound for event: minecraft:entity.skeleton.hurt
[04авг.2026 13:26:43.192] [Render thread/WARN] [gvc/]: Missing sound for event: minecraft:entity.skeleton.shoot
[04авг.2026 13:26:43.192] [Render thread/WARN] [gvc/]: Missing sound for event: minecraft:entity.skeleton.step
[04авг.2026 13:26:43.192] [Render thread/WARN] [gvc/]: Missing sound for event: minecraft:entity.slime.attack
[04авг.2026 13:26:43.192] [Render thread/WARN] [gvc/]: Missing sound for event: minecraft:entity.slime.death
[04авг.2026 13:26:43.192] [Render thread/WARN] [gvc/]: Missing sound for event: minecraft:entity.slime.hurt
[04авг.2026 13:26:43.192] [Render thread/WARN] [gvc/]: Missing sound for event: minecraft:entity.slime.jump
[04авг.2026 13:26:43.192] [Render thread/WARN] [gvc/]: Missing sound for event: minecraft:entity.slime.squish
[04авг.2026 13:26:43.192] [Render thread/WARN] [gvc/]: Missing sound for event: minecraft:block.slime_block.break
[04авг.2026 13:26:43.192] [Render thread/WARN] [gvc/]: Missing sound for event: minecraft:block.slime_block.fall
[04авг.2026 13:26:43.192] [Render thread/WARN] [gvc/]: Missing sound for event: minecraft:block.slime_block.hit
[04авг.2026 13:26:43.192] [Render thread/WARN] [gvc/]: Missing sound for event: minecraft:block.slime_block.place
[04авг.2026 13:26:43.192] [Render thread/WARN] [gvc/]: Missing sound for event: minecraft:block.slime_block.step
[04авг.2026 13:26:43.192] [Render thread/WARN] [gvc/]: Missing sound for event: minecraft:block.small_amethyst_bud.break
[04авг.2026 13:26:43.192] [Render thread/WARN] [gvc/]: Missing sound for event: minecraft:block.small_amethyst_bud.place
[04авг.2026 13:26:43.192] [Render thread/WARN] [gvc/]: Missing sound for event: minecraft:block.small_dripleaf.break
[04авг.2026 13:26:43.192] [Render thread/WARN] [gvc/]: Missing sound for event: minecraft:block.small_dripleaf.fall
[04авг.2026 13:26:43.192] [Render thread/WARN] [gvc/]: Missing sound for event: minecraft:block.small_dripleaf.hit
[04авг.2026 13:26:43.193] [Render thread/WARN] [gvc/]: Missing sound for event: minecraft:block.small_dripleaf.place
[04авг.2026 13:26:43.193] [Render thread/WARN] [gvc/]: Missing sound for event: minecraft:block.small_dripleaf.step
[04авг.2026 13:26:43.193] [Render thread/WARN] [gvc/]: Missing sound for event: minecraft:block.soul_sand.break
[04авг.2026 13:26:43.193] [Render thread/WARN] [gvc/]: Missing sound for event: minecraft:block.soul_sand.step
[04авг.2026 13:26:43.193] [Render thread/WARN] [gvc/]: Missing sound for event: minecraft:block.soul_sand.place
[04авг.2026 13:26:43.193] [Render thread/WARN] [gvc/]: Missing sound for event: minecraft:block.soul_sand.hit
[04авг.2026 13:26:43.193] [Render thread/WARN] [gvc/]: Missing sound for event: minecraft:block.soul_sand.fall
[04авг.2026 13:26:43.193] [Render thread/WARN] [gvc/]: Missing sound for event: minecraft:block.soul_soil.break
[04авг.2026 13:26:43.193] [Render thread/WARN] [gvc/]: Missing sound for event: minecraft:block.soul_soil.step
[04авг.2026 13:26:43.193] [Render thread/WARN] [gvc/]: Missing sound for event: minecraft:block.soul_soil.place
[04авг.2026 13:26:43.193] [Render thread/WARN] [gvc/]: Missing sound for event: minecraft:block.soul_soil.hit
[04авг.2026 13:26:43.193] [Render thread/WARN] [gvc/]: Missing sound for event: minecraft:block.soul_soil.fall
[04авг.2026 13:26:43.193] [Render thread/WARN] [gvc/]: Missing sound for event: minecraft:particle.soul_escape
[04авг.2026 13:26:43.193] [Render thread/WARN] [gvc/]: Missing sound for event: minecraft:block.spore_blossom.break
[04авг.2026 13:26:43.193] [Render thread/WARN] [gvc/]: Missing sound for event: minecraft:block.spore_blossom.fall
[04авг.2026 13:26:43.193] [Render thread/WARN] [gvc/]: Missing sound for event: minecraft:block.spore_blossom.hit
[04авг.2026 13:26:43.193] [Render thread/WARN] [gvc/]: Missing sound for event: minecraft:block.spore_blossom.place
[04авг.2026 13:26:43.193] [Render thread/WARN] [gvc/]: Missing sound for event: minecraft:block.spore_blossom.step
[04авг.2026 13:26:43.193] [Render thread/WARN] [gvc/]: Missing sound for event: minecraft:entity.strider.ambient
[04авг.2026 13:26:43.193] [Render thread/WARN] [gvc/]: Missing sound for event: minecraft:entity.strider.happy
[04авг.2026 13:26:43.193] [Render thread/WARN] [gvc/]: Missing sound for event: minecraft:entity.strider.retreat
[04авг.2026 13:26:43.193] [Render thread/WARN] [gvc/]: Missing sound for event: minecraft:entity.strider.death
[04авг.2026 13:26:43.193] [Render thread/WARN] [gvc/]: Missing sound for event: minecraft:entity.strider.hurt
[04авг.2026 13:26:43.194] [Render thread/WARN] [gvc/]: Missing sound for event: minecraft:entity.strider.step
[04авг.2026 13:26:43.194] [Render thread/WARN] [gvc/]: Missing sound for event: minecraft:entity.strider.step_lava
[04авг.2026 13:26:43.194] [Render thread/WARN] [gvc/]: Missing sound for event: minecraft:entity.strider.eat
[04авг.2026 13:26:43.194] [Render thread/WARN] [gvc/]: Missing sound for event: minecraft:entity.strider.saddle
[04авг.2026 13:26:43.194] [Render thread/WARN] [gvc/]: Missing sound for event: minecraft:entity.slime.death_small
[04авг.2026 13:26:43.194] [Render thread/WARN] [gvc/]: Missing sound for event: minecraft:entity.slime.hurt_small
[04авг.2026 13:26:43.194] [Render thread/WARN] [gvc/]: Missing sound for event: minecraft:entity.slime.jump_small
[04авг.2026 13:26:43.194] [Render thread/WARN] [gvc/]: Missing sound for event: minecraft:entity.slime.squish_small
[04авг.2026 13:26:43.194] [Render thread/WARN] [gvc/]: Missing sound for event: minecraft:block.smithing_table.use
[04авг.2026 13:26:43.194] [Render thread/WARN] [gvc/]: Missing sound for event: minecraft:block.smoker.smoke
[04авг.2026 13:26:43.194] [Render thread/WARN] [gvc/]: Missing sound for event: minecraft:entity.sniffer.step
[04авг.2026 13:26:43.194] [Render thread/WARN] [gvc/]: Missing sound for event: minecraft:entity.sniffer.eat
[04авг.2026 13:26:43.194] [Render thread/WARN] [gvc/]: Missing sound for event: minecraft:entity.sniffer.idle
[04авг.2026 13:26:43.194] [Render thread/WARN] [gvc/]: Missing sound for event: minecraft:entity.sniffer.hurt
[04авг.2026 13:26:43.194] [Render thread/WARN] [gvc/]: Missing sound for event: minecraft:entity.sniffer.death
[04авг.2026 13:26:43.194] [Render thread/WARN] [gvc/]: Missing sound for event: minecraft:entity.sniffer.drop_seed
[04авг.2026 13:26:43.194] [Render thread/WARN] [gvc/]: Missing sound for event: minecraft:entity.sniffer.scenting
[04авг.2026 13:26:43.194] [Render thread/WARN] [gvc/]: Missing sound for event: minecraft:entity.sniffer.sniffing
[04авг.2026 13:26:43.194] [Render thread/WARN] [gvc/]: Missing sound for event: minecraft:entity.sniffer.searching
[04авг.2026 13:26:43.194] [Render thread/WARN] [gvc/]: Missing sound for event: minecraft:entity.sniffer.digging
[04авг.2026 13:26:43.194] [Render thread/WARN] [gvc/]: Missing sound for event: minecraft:entity.sniffer.digging_stop
[04авг.2026 13:26:43.194] [Render thread/WARN] [gvc/]: Missing sound for event: minecraft:entity.sniffer.happy
[04авг.2026 13:26:43.194] [Render thread/WARN] [gvc/]: Missing sound for event: minecraft:block.sniffer_egg.plop
[04авг.2026 13:26:43.194] [Render thread/WARN] [gvc/]: Missing sound for event: minecraft:block.sniffer_egg.crack
[04авг.2026 13:26:43.194] [Render thread/WARN] [gvc/]: Missing sound for event: minecraft:block.sniffer_egg.hatch
[04авг.2026 13:26:43.194] [Render thread/WARN] [gvc/]: Missing sound for event: minecraft:entity.snowball.throw
[04авг.2026 13:26:43.194] [Render thread/WARN] [gvc/]: Missing sound for event: minecraft:block.snow.break
[04авг.2026 13:26:43.194] [Render thread/WARN] [gvc/]: Missing sound for event: minecraft:block.snow.fall
[04авг.2026 13:26:43.194] [Render thread/WARN] [gvc/]: Missing sound for event: minecraft:entity.snow_golem.ambient
[04авг.2026 13:26:43.194] [Render thread/WARN] [gvc/]: Missing sound for event: minecraft:entity.snow_golem.death
[04авг.2026 13:26:43.194] [Render thread/WARN] [gvc/]: Missing sound for event: minecraft:entity.snow_golem.hurt
[04авг.2026 13:26:43.194] [Render thread/WARN] [gvc/]: Missing sound for event: minecraft:entity.snow_golem.shoot
[04авг.2026 13:26:43.194] [Render thread/WARN] [gvc/]: Missing sound for event: minecraft:entity.snow_golem.shear
[04авг.2026 13:26:43.194] [Render thread/WARN] [gvc/]: Missing sound for event: minecraft:block.snow.hit
[04авг.2026 13:26:43.194] [Render thread/WARN] [gvc/]: Missing sound for event: minecraft:block.snow.place
[04авг.2026 13:26:43.194] [Render thread/WARN] [gvc/]: Missing sound for event: minecraft:block.snow.step
[04авг.2026 13:26:43.194] [Render thread/WARN] [gvc/]: Missing sound for event: minecraft:entity.spider.ambient
[04авг.2026 13:26:43.194] [Render thread/WARN] [gvc/]: Missing sound for event: minecraft:entity.spider.death
[04авг.2026 13:26:43.195] [Render thread/WARN] [gvc/]: Missing sound for event: minecraft:entity.spider.hurt
[04авг.2026 13:26:43.195] [Render thread/WARN] [gvc/]: Missing sound for event: minecraft:entity.spider.step
[04авг.2026 13:26:43.195] [Render thread/WARN] [gvc/]: Missing sound for event: minecraft:entity.splash_potion.break
[04авг.2026 13:26:43.195] [Render thread/WARN] [gvc/]: Missing sound for event: minecraft:entity.splash_potion.throw
[04авг.2026 13:26:43.195] [Render thread/WARN] [gvc/]: Missing sound for event: minecraft:block.sponge.break
[04авг.2026 13:26:43.195] [Render thread/WARN] [gvc/]: Missing sound for event: minecraft:block.sponge.fall
[04авг.2026 13:26:43.195] [Render thread/WARN] [gvc/]: Missing sound for event: minecraft:block.sponge.hit
[04авг.2026 13:26:43.195] [Render thread/WARN] [gvc/]: Missing sound for event: minecraft:block.sponge.place
[04авг.2026 13:26:43.195] [Render thread/WARN] [gvc/]: Missing sound for event: minecraft:block.sponge.step
[04авг.2026 13:26:43.195] [Render thread/WARN] [gvc/]: Missing sound for event: minecraft:block.sponge.absorb
[04авг.2026 13:26:43.195] [Render thread/WARN] [gvc/]: Missing sound for event: minecraft:item.spyglass.use
[04авг.2026 13:26:43.195] [Render thread/WARN] [gvc/]: Missing sound for event: minecraft:item.spyglass.stop_using
[04авг.2026 13:26:43.195] [Render thread/WARN] [gvc/]: Missing sound for event: minecraft:entity.squid.ambient
[04авг.2026 13:26:43.195] [Render thread/WARN] [gvc/]: Missing sound for event: minecraft:entity.squid.death
[04авг.2026 13:26:43.195] [Render thread/WARN] [gvc/]: Missing sound for event: minecraft:entity.squid.hurt
[04авг.2026 13:26:43.195] [Render thread/WARN] [gvc/]: Missing sound for event: minecraft:entity.squid.squirt
[04авг.2026 13:26:43.195] [Render thread/WARN] [gvc/]: Missing sound for event: minecraft:block.stone.break
[04авг.2026 13:26:43.195] [Render thread/WARN] [gvc/]: Missing sound for event: minecraft:block.stone_button.click_off
[04авг.2026 13:26:43.195] [Render thread/WARN] [gvc/]: Missing sound for event: minecraft:block.stone_button.click_on
[04авг.2026 13:26:43.195] [Render thread/WARN] [gvc/]: Missing sound for event: minecraft:block.stone.fall
[04авг.2026 13:26:43.195] [Render thread/WARN] [gvc/]: Missing sound for event: minecraft:block.stone.hit
[04авг.2026 13:26:43.195] [Render thread/WARN] [gvc/]: Missing sound for event: minecraft:block.stone.place
[04авг.2026 13:26:43.195] [Render thread/WARN] [gvc/]: Missing sound for event: minecraft:block.stone_pressure_plate.click_off
[04авг.2026 13:26:43.195] [Render thread/WARN] [gvc/]: Missing sound for event: minecraft:block.stone_pressure_plate.click_on
[04авг.2026 13:26:43.195] [Render thread/WARN] [gvc/]: Missing sound for event: minecraft:block.stone.step
[04авг.2026 13:26:43.195] [Render thread/WARN] [gvc/]: Missing sound for event: minecraft:entity.stray.ambient
[04авг.2026 13:26:43.195] [Render thread/WARN] [gvc/]: Missing sound for event: minecraft:entity.stray.death
[04авг.2026 13:26:43.195] [Render thread/WARN] [gvc/]: Missing sound for event: minecraft:entity.stray.hurt
[04авг.2026 13:26:43.196] [Render thread/WARN] [gvc/]: Missing sound for event: minecraft:entity.stray.step
[04авг.2026 13:26:43.196] [Render thread/WARN] [gvc/]: Missing sound for event: minecraft:block.sweet_berry_bush.break
[04авг.2026 13:26:43.196] [Render thread/WARN] [gvc/]: Missing sound for event: minecraft:block.sweet_berry_bush.place
[04авг.2026 13:26:43.196] [Render thread/WARN] [gvc/]: Missing sound for event: minecraft:block.sweet_berry_bush.pick_berries
[04авг.2026 13:26:43.196] [Render thread/WARN] [gvc/]: Missing sound for event: minecraft:entity.tadpole.death
[04авг.2026 13:26:43.196] [Render thread/WARN] [gvc/]: Missing sound for event: minecraft:entity.tadpole.flop
[04авг.2026 13:26:43.196] [Render thread/WARN] [gvc/]: Missing sound for event: minecraft:entity.tadpole.grow_up
[04авг.2026 13:26:43.196] [Render thread/WARN] [gvc/]: Missing sound for event: minecraft:entity.tadpole.hurt
[04авг.2026 13:26:43.196] [Render thread/WARN] [gvc/]: Missing sound for event: minecraft:enchant.thorns.hit
[04авг.2026 13:26:43.196] [Render thread/WARN] [gvc/]: Missing sound for event: minecraft:entity.tnt.primed
[04авг.2026 13:26:43.196] [Render thread/WARN] [gvc/]: Missing sound for event: minecraft:item.totem.use
[04авг.2026 13:26:43.196] [Render thread/WARN] [gvc/]: Missing sound for event: minecraft:item.trident.hit
[04авг.2026 13:26:43.196] [Render thread/WARN] [gvc/]: Missing sound for event: minecraft:item.trident.hit_ground
[04авг.2026 13:26:43.196] [Render thread/WARN] [gvc/]: Missing sound for event: minecraft:item.trident.return
[04авг.2026 13:26:43.196] [Render thread/WARN] [gvc/]: Missing sound for event: minecraft:item.trident.riptide_1
[04авг.2026 13:26:43.196] [Render thread/WARN] [gvc/]: Missing sound for event: minecraft:item.trident.riptide_2
[04авг.2026 13:26:43.196] [Render thread/WARN] [gvc/]: Missing sound for event: minecraft:item.trident.riptide_3
[04авг.2026 13:26:43.196] [Render thread/WARN] [gvc/]: Missing sound for event: minecraft:item.trident.throw
[04авг.2026 13:26:43.196] [Render thread/WARN] [gvc/]: Missing sound for event: minecraft:item.trident.thunder
[04авг.2026 13:26:43.197] [Render thread/WARN] [gvc/]: Missing sound for event: minecraft:block.tripwire.attach
[04авг.2026 13:26:43.197] [Render thread/WARN] [gvc/]: Missing sound for event: minecraft:block.tripwire.click_off
[04авг.2026 13:26:43.197] [Render thread/WARN] [gvc/]: Missing sound for event: minecraft:block.tripwire.click_on
[04авг.2026 13:26:43.197] [Render thread/WARN] [gvc/]: Missing sound for event: minecraft:block.tripwire.detach
[04авг.2026 13:26:43.197] [Render thread/WARN] [gvc/]: Missing sound for event: minecraft:entity.tropical_fish.ambient
[04авг.2026 13:26:43.197] [Render thread/WARN] [gvc/]: Missing sound for event: minecraft:entity.tropical_fish.death
[04авг.2026 13:26:43.197] [Render thread/WARN] [gvc/]: Missing sound for event: minecraft:entity.tropical_fish.flop
[04авг.2026 13:26:43.197] [Render thread/WARN] [gvc/]: Missing sound for event: minecraft:entity.tropical_fish.hurt
[04авг.2026 13:26:43.197] [Render thread/WARN] [gvc/]: Missing sound for event: minecraft:block.tuff.break
[04авг.2026 13:26:43.197] [Render thread/WARN] [gvc/]: Missing sound for event: minecraft:block.tuff.step
[04авг.2026 13:26:43.197] [Render thread/WARN] [gvc/]: Missing sound for event: minecraft:block.tuff.place
[04авг.2026 13:26:43.197] [Render thread/WARN] [gvc/]: Missing sound for event: minecraft:block.tuff.hit
[04авг.2026 13:26:43.197] [Render thread/WARN] [gvc/]: Missing sound for event: minecraft:block.tuff.fall
[04авг.2026 13:26:43.197] [Render thread/WARN] [gvc/]: Missing sound for event: minecraft:block.tuff_bricks.break
[04авг.2026 13:26:43.197] [Render thread/WARN] [gvc/]: Missing sound for event: minecraft:block.tuff_bricks.fall
[04авг.2026 13:26:43.197] [Render thread/WARN] [gvc/]: Missing sound for event: minecraft:block.tuff_bricks.hit
[04авг.2026 13:26:43.197] [Render thread/WARN] [gvc/]: Missing sound for event: minecraft:block.tuff_bricks.place
[04авг.2026 13:26:43.197] [Render thread/WARN] [gvc/]: Missing sound for event: minecraft:block.tuff_bricks.step
[04авг.2026 13:26:43.197] [Render thread/WARN] [gvc/]: Missing sound for event: minecraft:block.polished_tuff.break
[04авг.2026 13:26:43.197] [Render thread/WARN] [gvc/]: Missing sound for event: minecraft:block.polished_tuff.fall
[04авг.2026 13:26:43.197] [Render thread/WARN] [gvc/]: Missing sound for event: minecraft:block.polished_tuff.hit
[04авг.2026 13:26:43.197] [Render thread/WARN] [gvc/]: Missing sound for event: minecraft:block.polished_tuff.place
[04авг.2026 13:26:43.197] [Render thread/WARN] [gvc/]: Missing sound for event: minecraft:block.polished_tuff.step
[04авг.2026 13:26:43.198] [Render thread/WARN] [gvc/]: Missing sound for event: minecraft:entity.turtle.ambient_land
[04авг.2026 13:26:43.198] [Render thread/WARN] [gvc/]: Missing sound for event: minecraft:entity.turtle.death
[04авг.2026 13:26:43.198] [Render thread/WARN] [gvc/]: Missing sound for event: minecraft:entity.turtle.death_baby
[04авг.2026 13:26:43.198] [Render thread/WARN] [gvc/]: Missing sound for event: minecraft:entity.turtle.egg_break
[04авг.2026 13:26:43.198] [Render thread/WARN] [gvc/]: Missing sound for event: minecraft:entity.turtle.egg_crack
[04авг.2026 13:26:43.198] [Render thread/WARN] [gvc/]: Missing sound for event: minecraft:entity.turtle.egg_hatch
[04авг.2026 13:26:43.198] [Render thread/WARN] [gvc/]: Missing sound for event: minecraft:entity.turtle.hurt
[04авг.2026 13:26:43.198] [Render thread/WARN] [gvc/]: Missing sound for event: minecraft:entity.turtle.hurt_baby
[04авг.2026 13:26:43.198] [Render thread/WARN] [gvc/]: Missing sound for event: minecraft:entity.turtle.lay_egg
[04авг.2026 13:26:43.198] [Render thread/WARN] [gvc/]: Missing sound for event: minecraft:entity.turtle.shamble
[04авг.2026 13:26:43.198] [Render thread/WARN] [gvc/]: Missing sound for event: minecraft:entity.turtle.shamble_baby
[04авг.2026 13:26:43.198] [Render thread/WARN] [gvc/]: Missing sound for event: minecraft:entity.turtle.swim
[04авг.2026 13:26:43.198] [Render thread/WARN] [gvc/]: Missing sound for event: minecraft:ui.button.click
[04авг.2026 13:26:43.198] [Render thread/WARN] [gvc/]: Missing sound for event: minecraft:ui.loom.select_pattern
[04авг.2026 13:26:43.198] [Render thread/WARN] [gvc/]: Missing sound for event: minecraft:ui.loom.take_result
[04авг.2026 13:26:43.198] [Render thread/WARN] [gvc/]: Missing sound for event: minecraft:ui.cartography_table.take_result
[04авг.2026 13:26:43.198] [Render thread/WARN] [gvc/]: Missing sound for event: minecraft:ui.stonecutter.take_result
[04авг.2026 13:26:43.198] [Render thread/WARN] [gvc/]: Missing sound for event: minecraft:ui.stonecutter.select_recipe
[04авг.2026 13:26:43.198] [Render thread/WARN] [gvc/]: Missing sound for event: minecraft:ui.toast.challenge_complete
[04авг.2026 13:26:43.198] [Render thread/WARN] [gvc/]: Missing sound for event: minecraft:ui.toast.in
[04авг.2026 13:26:43.198] [Render thread/WARN] [gvc/]: Missing sound for event: minecraft:ui.toast.out
[04авг.2026 13:26:43.198] [Render thread/WARN] [gvc/]: Missing sound for event: minecraft:block.vault.activate
[04авг.2026 13:26:43.198] [Render thread/WARN] [gvc/]: Missing sound for event: minecraft:block.vault.ambient
[04авг.2026 13:26:43.198] [Render thread/WARN] [gvc/]: Missing sound for event: minecraft:block.vault.break
[04авг.2026 13:26:43.198] [Render thread/WARN] [gvc/]: Missing sound for event: minecraft:block.vault.close_shutter
[04авг.2026 13:26:43.198] [Render thread/WARN] [gvc/]: Missing sound for event: minecraft:block.vault.deactivate
[04авг.2026 13:26:43.198] [Render thread/WARN] [gvc/]: Missing sound for event: minecraft:block.vault.eject_item
[04авг.2026 13:26:43.198] [Render thread/WARN] [gvc/]: Missing sound for event: minecraft:block.vault.reject_rewarded_player
[04авг.2026 13:26:43.198] [Render thread/WARN] [gvc/]: Missing sound for event: minecraft:block.vault.fall
[04авг.2026 13:26:43.198] [Render thread/WARN] [gvc/]: Missing sound for event: minecraft:block.vault.hit
[04авг.2026 13:26:43.198] [Render thread/WARN] [gvc/]: Missing sound for event: minecraft:block.vault.insert_item
[04авг.2026 13:26:43.198] [Render thread/WARN] [gvc/]: Missing sound for event: minecraft:block.vault.insert_item_fail
[04авг.2026 13:26:43.198] [Render thread/WARN] [gvc/]: Missing sound for event: minecraft:block.vault.open_shutter
[04авг.2026 13:26:43.198] [Render thread/WARN] [gvc/]: Missing sound for event: minecraft:block.vault.place
[04авг.2026 13:26:43.198] [Render thread/WARN] [gvc/]: Missing sound for event: minecraft:block.vault.step
[04авг.2026 13:26:43.198] [Render thread/WARN] [gvc/]: Missing sound for event: minecraft:entity.vex.ambient
[04авг.2026 13:26:43.198] [Render thread/WARN] [gvc/]: Missing sound for event: minecraft:entity.vex.charge
[04авг.2026 13:26:43.199] [Render thread/WARN] [gvc/]: Missing sound for event: minecraft:entity.vex.death
[04авг.2026 13:26:43.199] [Render thread/WARN] [gvc/]: Missing sound for event: minecraft:entity.vex.hurt
[04авг.2026 13:26:43.199] [Render thread/WARN] [gvc/]: Missing sound for event: minecraft:entity.villager.ambient
[04авг.2026 13:26:43.199] [Render thread/WARN] [gvc/]: Missing sound for event: minecraft:entity.villager.celebrate
[04авг.2026 13:26:43.199] [Render thread/WARN] [gvc/]: Missing sound for event: minecraft:entity.villager.death
[04авг.2026 13:26:43.199] [Render thread/WARN] [gvc/]: Missing sound for event: minecraft:entity.villager.hurt
[04авг.2026 13:26:43.199] [Render thread/WARN] [gvc/]: Missing sound for event: minecraft:entity.villager.no
[04авг.2026 13:26:43.199] [Render thread/WARN] [gvc/]: Missing sound for event: minecraft:entity.villager.trade
[04авг.2026 13:26:43.199] [Render thread/WARN] [gvc/]: Missing sound for event: minecraft:entity.villager.yes
[04авг.2026 13:26:43.199] [Render thread/WARN] [gvc/]: Missing sound for event: minecraft:entity.villager.work_armorer
[04авг.2026 13:26:43.199] [Render thread/WARN] [gvc/]: Missing sound for event: minecraft:entity.villager.work_butcher
[04авг.2026 13:26:43.199] [Render thread/WARN] [gvc/]: Missing sound for event: minecraft:entity.villager.work_cartographer
[04авг.2026 13:26:43.199] [Render thread/WARN] [gvc/]: Missing sound for event: minecraft:entity.villager.work_cleric
[04авг.2026 13:26:43.199] [Render thread/WARN] [gvc/]: Missing sound for event: minecraft:entity.villager.work_farmer
[04авг.2026 13:26:43.199] [Render thread/WARN] [gvc/]: Missing sound for event: minecraft:entity.villager.work_fisherman
[04авг.2026 13:26:43.199] [Render thread/WARN] [gvc/]: Missing sound for event: minecraft:entity.villager.work_fletcher
[04авг.2026 13:26:43.199] [Render thread/WARN] [gvc/]: Missing sound for event: minecraft:entity.villager.work_leatherworker
[04авг.2026 13:26:43.199] [Render thread/WARN] [gvc/]: Missing sound for event: minecraft:entity.villager.work_librarian
[04авг.2026 13:26:43.199] [Render thread/WARN] [gvc/]: Missing sound for event: minecraft:entity.villager.work_mason
[04авг.2026 13:26:43.199] [Render thread/WARN] [gvc/]: Missing sound for event: minecraft:entity.villager.work_shepherd
[04авг.2026 13:26:43.199] [Render thread/WARN] [gvc/]: Missing sound for event: minecraft:entity.villager.work_toolsmith
[04авг.2026 13:26:43.199] [Render thread/WARN] [gvc/]: Missing sound for event: minecraft:entity.villager.work_weaponsmith
[04авг.2026 13:26:43.199] [Render thread/WARN] [gvc/]: Missing sound for event: minecraft:entity.vindicator.ambient
[04авг.2026 13:26:43.199] [Render thread/WARN] [gvc/]: Missing sound for event: minecraft:entity.vindicator.celebrate
[04авг.2026 13:26:43.199] [Render thread/WARN] [gvc/]: Missing sound for event: minecraft:entity.vindicator.death
[04авг.2026 13:26:43.199] [Render thread/WARN] [gvc/]: Missing sound for event: minecraft:entity.vindicator.hurt
[04авг.2026 13:26:43.199] [Render thread/WARN] [gvc/]: Missing sound for event: minecraft:block.vine.break
[04авг.2026 13:26:43.199] [Render thread/WARN] [gvc/]: Missing sound for event: minecraft:block.vine.fall
[04авг.2026 13:26:43.199] [Render thread/WARN] [gvc/]: Missing sound for event: minecraft:block.vine.hit
[04авг.2026 13:26:43.199] [Render thread/WARN] [gvc/]: Missing sound for event: minecraft:block.vine.place
[04авг.2026 13:26:43.199] [Render thread/WARN] [gvc/]: Missing sound for event: minecraft:block.vine.step
[04авг.2026 13:26:43.199] [Render thread/WARN] [gvc/]: Missing sound for event: minecraft:block.lily_pad.place
[04авг.2026 13:26:43.199] [Render thread/WARN] [gvc/]: Missing sound for event: minecraft:entity.wandering_trader.ambient
[04авг.2026 13:26:43.199] [Render thread/WARN] [gvc/]: Missing sound for event: minecraft:entity.wandering_trader.death
[04авг.2026 13:26:43.199] [Render thread/WARN] [gvc/]: Missing sound for event: minecraft:entity.wandering_trader.disappeared
[04авг.2026 13:26:43.199] [Render thread/WARN] [gvc/]: Missing sound for event: minecraft:entity.wandering_trader.drink_milk
[04авг.2026 13:26:43.200] [Render thread/WARN] [gvc/]: Missing sound for event: minecraft:entity.wandering_trader.drink_potion
[04авг.2026 13:26:43.200] [Render thread/WARN] [gvc/]: Missing sound for event: minecraft:entity.wandering_trader.hurt
[04авг.2026 13:26:43.200] [Render thread/WARN] [gvc/]: Missing sound for event: minecraft:entity.wandering_trader.no
[04авг.2026 13:26:43.200] [Render thread/WARN] [gvc/]: Missing sound for event: minecraft:entity.wandering_trader.reappeared
[04авг.2026 13:26:43.200] [Render thread/WARN] [gvc/]: Missing sound for event: minecraft:entity.wandering_trader.trade
[04авг.2026 13:26:43.200] [Render thread/WARN] [gvc/]: Missing sound for event: minecraft:entity.wandering_trader.yes
[04авг.2026 13:26:43.200] [Render thread/WARN] [gvc/]: Missing sound for event: minecraft:entity.warden.agitated
[04авг.2026 13:26:43.200] [Render thread/WARN] [gvc/]: Missing sound for event: minecraft:entity.warden.ambient
[04авг.2026 13:26:43.200] [Render thread/WARN] [gvc/]: Missing sound for event: minecraft:entity.warden.angry
[04авг.2026 13:26:43.200] [Render thread/WARN] [gvc/]: Missing sound for event: minecraft:entity.warden.attack_impact
[04авг.2026 13:26:43.200] [Render thread/WARN] [gvc/]: Missing sound for event: minecraft:entity.warden.death
[04авг.2026 13:26:43.200] [Render thread/WARN] [gvc/]: Missing sound for event: minecraft:entity.warden.dig
[04авг.2026 13:26:43.200] [Render thread/WARN] [gvc/]: Missing sound for event: minecraft:entity.warden.emerge
[04авг.2026 13:26:43.200] [Render thread/WARN] [gvc/]: Missing sound for event: minecraft:entity.warden.heartbeat
[04авг.2026 13:26:43.200] [Render thread/WARN] [gvc/]: Missing sound for event: minecraft:entity.warden.hurt
[04авг.2026 13:26:43.200] [Render thread/WARN] [gvc/]: Missing sound for event: minecraft:entity.warden.listening
[04авг.2026 13:26:43.200] [Render thread/WARN] [gvc/]: Missing sound for event: minecraft:entity.warden.listening_angry
[04авг.2026 13:26:43.200] [Render thread/WARN] [gvc/]: Missing sound for event: minecraft:entity.warden.nearby_close
[04авг.2026 13:26:43.200] [Render thread/WARN] [gvc/]: Missing sound for event: minecraft:entity.warden.nearby_closer
[04авг.2026 13:26:43.200] [Render thread/WARN] [gvc/]: Missing sound for event: minecraft:entity.warden.nearby_closest
[04авг.2026 13:26:43.200] [Render thread/WARN] [gvc/]: Missing sound for event: minecraft:entity.warden.roar
[04авг.2026 13:26:43.200] [Render thread/WARN] [gvc/]: Missing sound for event: minecraft:entity.warden.sniff
[04авг.2026 13:26:43.200] [Render thread/WARN] [gvc/]: Missing sound for event: minecraft:entity.warden.sonic_boom
[04авг.2026 13:26:43.200] [Render thread/WARN] [gvc/]: Missing sound for event: minecraft:entity.warden.sonic_charge
[04авг.2026 13:26:43.200] [Render thread/WARN] [gvc/]: Missing sound for event: minecraft:entity.warden.step
[04авг.2026 13:26:43.200] [Render thread/WARN] [gvc/]: Missing sound for event: minecraft:entity.warden.tendril_clicks
[04авг.2026 13:26:43.200] [Render thread/WARN] [gvc/]: Missing sound for event: minecraft:block.hanging_sign.waxed_interact_fail
[04авг.2026 13:26:43.200] [Render thread/WARN] [gvc/]: Missing sound for event: minecraft:block.sign.waxed_interact_fail
[04авг.2026 13:26:43.200] [Render thread/WARN] [gvc/]: Missing sound for event: minecraft:block.water.ambient
[04авг.2026 13:26:43.200] [Render thread/WARN] [gvc/]: Missing sound for event: minecraft:weather.rain
[04авг.2026 13:26:43.200] [Render thread/WARN] [gvc/]: Missing sound for event: minecraft:weather.rain.above
[04авг.2026 13:26:43.200] [Render thread/WARN] [gvc/]: Missing sound for event: minecraft:block.wet_grass.break
[04авг.2026 13:26:43.200] [Render thread/WARN] [gvc/]: Missing sound for event: minecraft:block.wet_grass.fall
[04авг.2026 13:26:43.200] [Render thread/WARN] [gvc/]: Missing sound for event: minecraft:block.wet_grass.hit
[04авг.2026 13:26:43.200] [Render thread/WARN] [gvc/]: Missing sound for event: minecraft:block.wet_grass.place
[04авг.2026 13:26:43.200] [Render thread/WARN] [gvc/]: Missing sound for event: minecraft:block.wet_grass.step
[04авг.2026 13:26:43.201] [Render thread/WARN] [gvc/]: Missing sound for event: minecraft:block.wet_sponge.break
[04авг.2026 13:26:43.201] [Render thread/WARN] [gvc/]: Missing sound for event: minecraft:block.wet_sponge.dries
[04авг.2026 13:26:43.201] [Render thread/WARN] [gvc/]: Missing sound for event: minecraft:block.wet_sponge.fall
[04авг.2026 13:26:43.201] [Render thread/WARN] [gvc/]: Missing sound for event: minecraft:block.wet_sponge.hit
[04авг.2026 13:26:43.201] [Render thread/WARN] [gvc/]: Missing sound for event: minecraft:block.wet_sponge.place
[04авг.2026 13:26:43.201] [Render thread/WARN] [gvc/]: Missing sound for event: minecraft:block.wet_sponge.step
[04авг.2026 13:26:43.201] [Render thread/WARN] [gvc/]: Missing sound for event: minecraft:entity.wind_charge.wind_burst
[04авг.2026 13:26:43.201] [Render thread/WARN] [gvc/]: Missing sound for event: minecraft:entity.wind_charge.throw
[04авг.2026 13:26:43.201] [Render thread/WARN] [gvc/]: Missing sound for event: minecraft:entity.witch.ambient
[04авг.2026 13:26:43.201] [Render thread/WARN] [gvc/]: Missing sound for event: minecraft:entity.witch.celebrate
[04авг.2026 13:26:43.201] [Render thread/WARN] [gvc/]: Missing sound for event: minecraft:entity.witch.death
[04авг.2026 13:26:43.201] [Render thread/WARN] [gvc/]: Missing sound for event: minecraft:entity.witch.drink
[04авг.2026 13:26:43.201] [Render thread/WARN] [gvc/]: Missing sound for event: minecraft:entity.witch.hurt
[04авг.2026 13:26:43.201] [Render thread/WARN] [gvc/]: Missing sound for event: minecraft:entity.witch.throw
[04авг.2026 13:26:43.201] [Render thread/WARN] [gvc/]: Missing sound for event: minecraft:entity.wither.ambient
[04авг.2026 13:26:43.201] [Render thread/WARN] [gvc/]: Missing sound for event: minecraft:entity.wither.break_block
[04авг.2026 13:26:43.201] [Render thread/WARN] [gvc/]: Missing sound for event: minecraft:entity.wither.death
[04авг.2026 13:26:43.201] [Render thread/WARN] [gvc/]: Missing sound for event: minecraft:entity.wither.hurt
[04авг.2026 13:26:43.201] [Render thread/WARN] [gvc/]: Missing sound for event: minecraft:entity.wither.shoot
[04авг.2026 13:26:43.201] [Render thread/WARN] [gvc/]: Missing sound for event: minecraft:entity.wither_skeleton.ambient
[04авг.2026 13:26:43.201] [Render thread/WARN] [gvc/]: Missing sound for event: minecraft:entity.wither_skeleton.death
[04авг.2026 13:26:43.201] [Render thread/WARN] [gvc/]: Missing sound for event: minecraft:entity.wither_skeleton.hurt
[04авг.2026 13:26:43.201] [Render thread/WARN] [gvc/]: Missing sound for event: minecraft:entity.wither_skeleton.step
[04авг.2026 13:26:43.201] [Render thread/WARN] [gvc/]: Missing sound for event: minecraft:entity.wither.spawn
[04авг.2026 13:26:43.201] [Render thread/WARN] [gvc/]: Missing sound for event: minecraft:item.wolf_armor.break
[04авг.2026 13:26:43.201] [Render thread/WARN] [gvc/]: Missing sound for event: minecraft:item.wolf_armor.crack
[04авг.2026 13:26:43.201] [Render thread/WARN] [gvc/]: Missing sound for event: minecraft:item.wolf_armor.damage
[04авг.2026 13:26:43.201] [Render thread/WARN] [gvc/]: Missing sound for event: minecraft:item.wolf_armor.repair
[04авг.2026 13:26:43.201] [Render thread/WARN] [gvc/]: Missing sound for event: minecraft:entity.wolf.ambient
[04авг.2026 13:26:43.201] [Render thread/WARN] [gvc/]: Missing sound for event: minecraft:entity.wolf.death
[04авг.2026 13:26:43.201] [Render thread/WARN] [gvc/]: Missing sound for event: minecraft:entity.wolf.growl
[04авг.2026 13:26:43.201] [Render thread/WARN] [gvc/]: Missing sound for event: minecraft:entity.wolf.howl
[04авг.2026 13:26:43.201] [Render thread/WARN] [gvc/]: Missing sound for event: minecraft:entity.wolf.hurt
[04авг.2026 13:26:43.201] [Render thread/WARN] [gvc/]: Missing sound for event: minecraft:entity.wolf.pant
[04авг.2026 13:26:43.201] [Render thread/WARN] [gvc/]: Missing sound for event: minecraft:entity.wolf.shake
[04авг.2026 13:26:43.202] [Render thread/WARN] [gvc/]: Missing sound for event: minecraft:entity.wolf.step
[04авг.2026 13:26:43.202] [Render thread/WARN] [gvc/]: Missing sound for event: minecraft:entity.wolf.whine
[04авг.2026 13:26:43.202] [Render thread/WARN] [gvc/]: Missing sound for event: minecraft:block.wooden_door.close
[04авг.2026 13:26:43.202] [Render thread/WARN] [gvc/]: Missing sound for event: minecraft:block.wooden_door.open
[04авг.2026 13:26:43.202] [Render thread/WARN] [gvc/]: Missing sound for event: minecraft:block.wooden_trapdoor.close
[04авг.2026 13:26:43.202] [Render thread/WARN] [gvc/]: Missing sound for event: minecraft:block.wooden_trapdoor.open
[04авг.2026 13:26:43.202] [Render thread/WARN] [gvc/]: Missing sound for event: minecraft:block.wooden_button.click_off
[04авг.2026 13:26:43.202] [Render thread/WARN] [gvc/]: Missing sound for event: minecraft:block.wooden_button.click_on
[04авг.2026 13:26:43.202] [Render thread/WARN] [gvc/]: Missing sound for event: minecraft:block.wooden_pressure_plate.click_off
[04авг.2026 13:26:43.202] [Render thread/WARN] [gvc/]: Missing sound for event: minecraft:block.wooden_pressure_plate.click_on
[04авг.2026 13:26:43.202] [Render thread/WARN] [gvc/]: Missing sound for event: minecraft:block.wood.break
[04авг.2026 13:26:43.202] [Render thread/WARN] [gvc/]: Missing sound for event: minecraft:block.wood.fall
[04авг.2026 13:26:43.202] [Render thread/WARN] [gvc/]: Missing sound for event: minecraft:block.wood.hit
[04авг.2026 13:26:43.202] [Render thread/WARN] [gvc/]: Missing sound for event: minecraft:block.wood.place
[04авг.2026 13:26:43.202] [Render thread/WARN] [gvc/]: Missing sound for event: minecraft:block.wood.step
[04авг.2026 13:26:43.202] [Render thread/WARN] [gvc/]: Missing sound for event: minecraft:block.wool.break
[04авг.2026 13:26:43.202] [Render thread/WARN] [gvc/]: Missing sound for event: minecraft:block.wool.fall
[04авг.2026 13:26:43.202] [Render thread/WARN] [gvc/]: Missing sound for event: minecraft:block.wool.hit
[04авг.2026 13:26:43.202] [Render thread/WARN] [gvc/]: Missing sound for event: minecraft:block.wool.place
[04авг.2026 13:26:43.202] [Render thread/WARN] [gvc/]: Missing sound for event: minecraft:block.wool.step
[04авг.2026 13:26:43.202] [Render thread/WARN] [gvc/]: Missing sound for event: minecraft:entity.zoglin.ambient
[04авг.2026 13:26:43.202] [Render thread/WARN] [gvc/]: Missing sound for event: minecraft:entity.zoglin.angry
[04авг.2026 13:26:43.202] [Render thread/WARN] [gvc/]: Missing sound for event: minecraft:entity.zoglin.attack
[04авг.2026 13:26:43.202] [Render thread/WARN] [gvc/]: Missing sound for event: minecraft:entity.zoglin.death
[04авг.2026 13:26:43.202] [Render thread/WARN] [gvc/]: Missing sound for event: minecraft:entity.zoglin.hurt
[04авг.2026 13:26:43.202] [Render thread/WARN] [gvc/]: Missing sound for event: minecraft:entity.zoglin.step
[04авг.2026 13:26:43.202] [Render thread/WARN] [gvc/]: Missing sound for event: minecraft:entity.zombie.ambient
[04авг.2026 13:26:43.202] [Render thread/WARN] [gvc/]: Missing sound for event: minecraft:entity.zombie.attack_wooden_door
[04авг.2026 13:26:43.202] [Render thread/WARN] [gvc/]: Missing sound for event: minecraft:entity.zombie.attack_iron_door
[04авг.2026 13:26:43.202] [Render thread/WARN] [gvc/]: Missing sound for event: minecraft:entity.zombie.break_wooden_door
[04авг.2026 13:26:43.202] [Render thread/WARN] [gvc/]: Missing sound for event: minecraft:entity.zombie.converted_to_drowned
[04авг.2026 13:26:43.202] [Render thread/WARN] [gvc/]: Missing sound for event: minecraft:entity.zombie.death
[04авг.2026 13:26:43.202] [Render thread/WARN] [gvc/]: Missing sound for event: minecraft:entity.zombie.destroy_egg
[04авг.2026 13:26:43.202] [Render thread/WARN] [gvc/]: Missing sound for event: minecraft:entity.zombie_horse.ambient
[04авг.2026 13:26:43.202] [Render thread/WARN] [gvc/]: Missing sound for event: minecraft:entity.zombie_horse.death
[04авг.2026 13:26:43.202] [Render thread/WARN] [gvc/]: Missing sound for event: minecraft:entity.zombie_horse.hurt
[04авг.2026 13:26:43.202] [Render thread/WARN] [gvc/]: Missing sound for event: minecraft:entity.zombie.hurt
[04авг.2026 13:26:43.202] [Render thread/WARN] [gvc/]: Missing sound for event: minecraft:entity.zombie.infect
[04авг.2026 13:26:43.202] [Render thread/WARN] [gvc/]: Missing sound for event: minecraft:entity.zombified_piglin.ambient
[04авг.2026 13:26:43.202] [Render thread/WARN] [gvc/]: Missing sound for event: minecraft:entity.zombified_piglin.angry
[04авг.2026 13:26:43.203] [Render thread/WARN] [gvc/]: Missing sound for event: minecraft:entity.zombified_piglin.death
[04авг.2026 13:26:43.203] [Render thread/WARN] [gvc/]: Missing sound for event: minecraft:entity.zombified_piglin.hurt
[04авг.2026 13:26:43.203] [Render thread/WARN] [gvc/]: Missing sound for event: minecraft:entity.zombie.step
[04авг.2026 13:26:43.203] [Render thread/WARN] [gvc/]: Missing sound for event: minecraft:entity.zombie_villager.ambient
[04авг.2026 13:26:43.203] [Render thread/WARN] [gvc/]: Missing sound for event: minecraft:entity.zombie_villager.converted
[04авг.2026 13:26:43.203] [Render thread/WARN] [gvc/]: Missing sound for event: minecraft:entity.zombie_villager.cure
[04авг.2026 13:26:43.203] [Render thread/WARN] [gvc/]: Missing sound for event: minecraft:entity.zombie_villager.death
[04авг.2026 13:26:43.203] [Render thread/WARN] [gvc/]: Missing sound for event: minecraft:entity.zombie_villager.hurt
[04авг.2026 13:26:43.203] [Render thread/WARN] [gvc/]: Missing sound for event: minecraft:entity.zombie_villager.step
[04авг.2026 13:26:43.203] [Render thread/WARN] [gvc/]: Missing sound for event: minecraft:event.mob_effect.bad_omen
[04авг.2026 13:26:43.203] [Render thread/WARN] [gvc/]: Missing sound for event: minecraft:event.mob_effect.trial_omen
[04авг.2026 13:26:43.203] [Render thread/WARN] [gvc/]: Missing sound for event: minecraft:event.mob_effect.raid_omen
[04авг.2026 13:26:43.342] [Render thread/INFO] [ezf/]: OpenAL initialized on device Динамики MacBook Air
[04авг.2026 13:26:43.380] [Render thread/INFO] [gvc/SOUNDS]: Sound engine started
[04авг.2026 13:26:43.387] [Render thread/INFO] [gqk/]: Created: 1024x512x4 minecraft:textures/atlas/blocks.png-atlas
[04авг.2026 13:26:43.405] [Render thread/INFO] [gqk/]: Created: 256x256x4 minecraft:textures/atlas/signs.png-atlas
[04авг.2026 13:26:43.406] [Render thread/INFO] [gqk/]: Created: 512x512x4 minecraft:textures/atlas/shield_patterns.png-atlas
[04авг.2026 13:26:43.408] [Render thread/INFO] [gqk/]: Created: 512x512x4 minecraft:textures/atlas/banner_patterns.png-atlas
[04авг.2026 13:26:43.410] [Render thread/INFO] [gqk/]: Created: 1024x1024x4 minecraft:textures/atlas/armor_trims.png-atlas
[04авг.2026 13:26:43.418] [Render thread/INFO] [gqk/]: Created: 256x256x4 minecraft:textures/atlas/chest.png-atlas
[04авг.2026 13:26:43.418] [Render thread/INFO] [gqk/]: Created: 128x64x4 minecraft:textures/atlas/decorated_pot.png-atlas
[04авг.2026 13:26:43.419] [Render thread/INFO] [gqk/]: Created: 512x256x4 minecraft:textures/atlas/beds.png-atlas
[04авг.2026 13:26:43.419] [Render thread/INFO] [gqk/]: Created: 512x256x4 minecraft:textures/atlas/shulker_boxes.png-atlas
[04авг.2026 13:26:43.481] [Render thread/INFO] [gqk/]: Created: 512x256x0 minecraft:textures/atlas/particles.png-atlas
[04авг.2026 13:26:43.482] [Render thread/INFO] [gqk/]: Created: 512x256x0 minecraft:textures/atlas/paintings.png-atlas
[04авг.2026 13:26:43.482] [Render thread/INFO] [gqk/]: Created: 256x128x0 minecraft:textures/atlas/mob_effects.png-atlas
[04авг.2026 13:26:43.482] [Render thread/INFO] [gqk/]: Created: 64x64x0 minecraft:textures/atlas/map_decorations.png-atlas
[04авг.2026 13:26:43.483] [Render thread/INFO] [gqk/]: Created: 1024x512x0 minecraft:textures/atlas/gui.png-atlas
[04авг.2026 13:26:43.527] [Render thread/WARN] [gfn/]: Shader rendertype_entity_translucent_emissive could not find sampler named Sampler2 in the specified shader program.
[04авг.2026 13:26:43.597] [Render thread/INFO] [atz/]: Resource reload finished after 1484 ms
[04авг.2026 13:26:43.597] [Render thread/INFO] [atz/]: grt took approximately 11 ms (0 ms preparing, 11 ms applying)
[04авг.2026 13:26:43.597] [Render thread/INFO] [atz/]: gqm took approximately 9 ms (9 ms preparing, 0 ms applying)
[04авг.2026 13:26:43.597] [Render thread/INFO] [atz/]: gvf took approximately 242 ms (3 ms preparing, 239 ms applying)
[04авг.2026 13:26:43.597] [Render thread/INFO] [atz/]: grn took approximately 0 ms (0 ms preparing, 0 ms applying)
[04авг.2026 13:26:43.597] [Render thread/INFO] [atz/]: flb took approximately 151 ms (146 ms preparing, 5 ms applying)
[04авг.2026 13:26:43.597] [Render thread/INFO] [atz/]: grf took approximately 22 ms (22 ms preparing, 0 ms applying)
[04авг.2026 13:26:43.597] [Render thread/INFO] [atz/]: gre took approximately 17 ms (17 ms preparing, 0 ms applying)
[04авг.2026 13:26:43.597] [Render thread/INFO] [atz/]: gst took approximately 2452 ms (2420 ms preparing, 32 ms applying)
[04авг.2026 13:26:43.597] [Render thread/INFO] [atz/]: fyg took approximately 21 ms (0 ms preparing, 21 ms applying)
[04авг.2026 13:26:43.597] [Render thread/INFO] [atz/]: ggy took approximately 6 ms (0 ms preparing, 6 ms applying)
[04авг.2026 13:26:43.597] [Render thread/INFO] [atz/]: gem took approximately 0 ms (0 ms preparing, 0 ms applying)
[04авг.2026 13:26:43.597] [Render thread/INFO] [atz/]: glh took approximately 1 ms (0 ms preparing, 1 ms applying)
[04авг.2026 13:26:43.597] [Render thread/INFO] [atz/]: gft took approximately 0 ms (0 ms preparing, 0 ms applying)
[04авг.2026 13:26:43.597] [Render thread/INFO] [atz/]: gkh took approximately 30 ms (0 ms preparing, 30 ms applying)
[04авг.2026 13:26:43.597] [Render thread/INFO] [atz/]: gcp took approximately 54 ms (53 ms preparing, 1 ms applying)
[04авг.2026 13:26:43.597] [Render thread/INFO] [atz/]: grk took approximately 15 ms (15 ms preparing, 0 ms applying)
[04авг.2026 13:26:43.597] [Render thread/INFO] [atz/]: grj took approximately 3 ms (3 ms preparing, 0 ms applying)
[04авг.2026 13:26:43.597] [Render thread/INFO] [atz/]: gri took approximately 5 ms (5 ms preparing, 0 ms applying)
[04авг.2026 13:26:43.597] [Render thread/INFO] [atz/]: fia took approximately 49 ms (47 ms preparing, 2 ms applying)
[04авг.2026 13:26:43.597] [Render thread/INFO] [atz/]: Shader Loader took approximately 123 ms (17 ms preparing, 106 ms applying)
[04авг.2026 13:26:43.598] [Render thread/INFO] [atz/]: gex took approximately 3 ms (0 ms preparing, 3 ms applying)
[04авг.2026 13:26:43.598] [Render thread/INFO] [atz/]: get took approximately 0 ms (0 ms preparing, 0 ms applying)
[04авг.2026 13:26:43.598] [Render thread/INFO] [atz/]: fgu took approximately 0 ms (0 ms preparing, 0 ms applying)
[04авг.2026 13:26:43.598] [Render thread/INFO] [atz/]: Total blocking time: 457 ms
[04авг.2026 13:27:00.897] [Render thread/INFO] [fgo/]: Stopping!
